distance,speed,vehicle_type,consumption
134,102,caminhão,52.52
780,89,moto,36.3
947,83,caminhão,336.34
820,62,moto,48.64
964,64,caminhão,368.66
973,34,carro,89.96
770,47,caminhão,263.96
28,49,carro,3.21
129,71,caminhão,52.24
771,119,caminhão,345.4
874,36,moto,43.89
223,76,moto,16.45
787,84,caminhão,260.28
268,65,carro,32.69
960,74,caminhão,380.86
464,46,moto,22.99
146,91,carro,16.64
876,74,caminhão,361.59
203,88,caminhão,72.33
933,55,carro,102.84
637,55,moto,38.51
487,83,moto,24.81
869,61,carro,98.9
297,40,carro,28.8
187,105,carro,23.24
937,41,moto,52.12
171,34,carro,15.42
347,79,moto,23.42
859,32,caminhão,214.54
902,69,carro,109.21
676,119,moto,42.58
785,116,moto,47.37
702,64,caminhão,240.99
786,34,carro,75.17
983,107,carro,109.84
933,49,caminhão,305.7
915,33,caminhão,268.37
539,119,caminhão,212.1
45,60,caminhão,17.25
955,70,caminhão,331.18
430,41,carro,39.6
174,75,moto,12.38
508,89,caminhão,167.26
352,39,caminhão,99.34
155,37,caminhão,40.16
952,110,caminhão,399.82
134,62,caminhão,51.68
918,74,moto,64.16
737,117,carro,101.8
526,72,moto,36.27
522,63,carro,67.81
241,76,moto,17.53
213,40,moto,10.98
309,80,caminhão,100.97
437,65,caminhão,160.99
943,37,moto,43.49
426,57,moto,23.25
938,59,carro,106.24
832,53,carro,100.59
123,39,caminhão,36.75
53,118,carro,7.22
469,79,caminhão,180.5
218,50,moto,11.73
957,115,moto,58.91
416,35,caminhão,116.02
596,40,caminhão,176.88
538,56,caminhão,178.91
957,90,carro,99.71
248,59,caminhão,91.59
747,38,moto,34.33
987,68,caminhão,338.46
371,31,moto,18.7
74,40,moto,3.81
969,39,carro,94.41
284,48,moto,15.81
520,30,carro,46.9
229,34,carro,20.33
132,70,moto,7.96
88,38,carro,8.95
242,37,carro,22.69
515,103,caminhão,201.08
625,70,caminhão,225.28
842,47,caminhão,278.0
101,74,moto,6.83
56,59,caminhão,20.64
767,111,carro,99.09
510,65,carro,58.6
566,88,moto,25.83
160,43,caminhão,49.47
61,94,moto,3.26
344,79,moto,26.11
924,109,carro,113.85
729,118,carro,94.22
660,118,moto,36.27
87,112,carro,10.29
187,53,caminhão,62.57
581,50,caminhão,179.24
451,44,moto,25.58
782,104,caminhão,299.49
199,93,carro,22.41
632,96,moto,35.12
614,31,carro,61.4
326,30,caminhão,94.2
520,96,caminhão,203.46
556,104,carro,74.19
266,34,carro,26.2
769,81,caminhão,275.81
293,30,carro,29.09
134,97,moto,6.84
74,76,carro,9.45
989,108,moto,53.63
477,34,moto,23.15
491,63,moto,30.76
397,84,caminhão,128.1
228,113,caminhão,87.3
945,93,carro,98.87
462,103,carro,50.8
488,70,carro,67.38
888,49,moto,50.75
223,76,caminhão,80.77
316,56,moto,17.53
521,119,carro,69.67
951,41,moto,46.57
117,52,caminhão,36.37
31,59,carro,3.55
124,85,caminhão,39.9
322,46,caminhão,100.83
217,68,carro,27.63
650,58,carro,73.84
45,68,carro,5.36
957,96,caminhão,334.91
701,75,moto,44.47
173,75,caminhão,68.91
948,61,moto,61.64
983,104,carro,108.85
25,43,carro,2.62
773,96,caminhão,288.77
160,78,caminhão,64.37
621,35,carro,62.44
435,99,moto,24.96
590,118,moto,33.23
707,118,moto,39.33
898,39,moto,42.74
368,40,caminhão,111.3
216,61,moto,11.77
147,51,moto,7.45
155,64,moto,8.74
985,114,caminhão,386.59
213,77,moto,14.04
281,119,moto,15.45
532,98,moto,27.26
389,119,moto,24.14
633,66,moto,43.11
829,110,carro,94.1
499,100,carro,64.21
265,113,carro,30.77
923,77,carro,123.3
891,118,caminhão,346.07
463,70,carro,65.36
773,104,caminhão,293.74
62,119,moto,3.33
159,55,caminhão,53.35
71,62,caminhão,23.25
908,107,carro,111.94
98,76,caminhão,40.36
906,77,caminhão,347.67
705,70,carro,94.17
18,69,carro,2.12
302,32,carro,28.54
347,65,carro,39.79
566,72,moto,37.62
483,70,carro,62.62
257,72,moto,17.81
202,75,carro,28.6
592,91,carro,70.83
11,33,caminhão,3.04
902,72,caminhão,316.09
761,97,carro,84.41
405,66,carro,54.54
730,79,carro,94.32
863,89,carro,86.63
247,73,caminhão,87.43
364,59,carro,39.34
642,80,moto,29.08
938,105,carro,123.79
402,101,moto,19.55
878,55,caminhão,291.87
26,56,caminhão,8.66
101,61,caminhão,37.97
882,56,moto,51.51
824,90,moto,42.64
808,46,caminhão,252.52
549,51,moto,27.77
906,61,carro,113.33
95,52,carro,11.6
898,104,carro,116.46
533,37,moto,27.44
246,74,moto,17.09
511,63,caminhão,165.48
756,88,carro,80.22
459,45,moto,22.35
284,103,carro,35.43
270,74,moto,16.22
932,111,caminhão,366.0
548,42,moto,28.4
113,38,caminhão,32.93
456,91,caminhão,171.43
739,109,moto,42.78
836,37,moto,37.57
661,116,carro,89.56
575,106,carro,71.75
742,78,moto,47.14
761,77,carro,102.56
524,79,moto,39.16
863,59,carro,105.97
311,66,moto,20.99
498,90,carro,52.74
705,114,carro,87.3
652,62,moto,37.37
356,46,carro,37.89
58,71,moto,3.79
327,101,caminhão,125.11
133,102,moto,6.58
668,91,moto,30.9
322,54,moto,19.79
595,59,carro,73.98
637,92,carro,71.91
996,73,moto,65.44
877,89,carro,102.69
921,51,carro,110.34
991,71,moto,61.43
965,63,caminhão,373.86
193,99,carro,24.38
177,34,caminhão,45.66
474,118,caminhão,185.8
98,64,carro,11.49
31,68,carro,4.23
736,32,caminhão,202.15
307,89,carro,31.29
593,75,carro,82.55
633,41,caminhão,203.28
654,94,carro,78.58
410,49,caminhão,137.72
652,82,caminhão,229.55
454,117,carro,65.19
674,85,carro,77.02
659,47,carro,74.81
904,45,caminhão,282.15
434,111,moto,25.99
409,101,moto,22.5
539,116,carro,68.01
678,41,carro,67.84
575,43,moto,28.52
287,95,moto,14.34
821,106,caminhão,308.82
658,78,caminhão,260.13
657,113,carro,87.11
555,38,moto,27.16
764,55,moto,43.21
719,56,moto,40.23
150,103,caminhão,56.07
121,53,moto,7.19
730,116,carro,103.36
448,69,caminhão,165.25
535,42,carro,51.23
794,61,moto,50.03
148,94,moto,7.79
208,40,moto,9.61
556,100,moto,30.97
947,80,moto,44.31
553,110,caminhão,222.65
934,38,moto,48.04
33,104,carro,3.9
507,63,caminhão,168.72
812,66,caminhão,289.32
600,98,moto,32.28
977,58,carro,119.38
877,62,carro,101.93
528,97,carro,65.37
233,95,caminhão,91.0
29,96,caminhão,11.0
950,44,carro,100.82
737,116,carro,97.07
493,100,caminhão,181.45
79,83,carro,8.56
861,47,carro,86.33
350,38,carro,35.86
579,97,moto,27.08
587,75,caminhão,247.37
157,107,caminhão,65.68
859,91,caminhão,283.81
967,100,carro,112.69
877,80,caminhão,259.52
798,84,caminhão,267.95
617,118,moto,38.45
249,33,caminhão,62.42
895,103,moto,43.88
792,116,caminhão,352.26
183,75,caminhão,74.86
540,118,moto,29.82
863,47,caminhão,271.19
628,80,moto,29.08
936,105,carro,124.68
411,103,carro,51.24
800,119,caminhão,349.49
494,70,carro,59.55
198,66,carro,23.83
916,56,moto,52.42
431,116,carro,59.9
313,69,caminhão,109.41
205,73,caminhão,75.65
74,45,caminhão,21.43
109,37,carro,10.33
674,75,carro,98.53
871,76,caminhão,368.41
614,73,moto,38.3
246,45,caminhão,83.34
219,61,moto,13.8
492,99,moto,26.31
488,35,caminhão,145.16
271,42,caminhão,77.85
964,43,moto,48.93
484,87,moto,25.61
495,47,caminhão,168.3
82,111,caminhão,29.72
764,69,carro,106.54
914,86,moto,43.45
948,66,carro,120.56
463,95,carro,58.42
114,49,moto,5.75
672,116,carro,80.19
381,38,carro,38.0
929,58,carro,103.8
757,67,carro,103.69
201,50,moto,10.69
940,114,caminhão,411.85
25,119,moto,1.53
565,78,moto,38.68
15,83,carro,1.53
54,40,caminhão,15.05
590,116,moto,32.91
251,91,carro,29.01
43,49,moto,2.16
866,44,carro,83.83
54,42,carro,5.68
314,91,caminhão,110.08
51,72,moto,3.18
72,68,moto,4.64
912,51,caminhão,320.11
897,31,carro,78.55
469,46,carro,51.78
678,66,carro,84.58
679,78,moto,51.07
175,116,caminhão,68.54
669,63,caminhão,245.5
893,95,moto,46.08
187,31,moto,8.65
98,66,carro,11.74
341,49,carro,36.81
224,65,carro,29.57
329,100,carro,36.49
829,43,carro,92.21
606,38,caminhão,172.18
140,105,carro,17.88
947,85,carro,98.06
172,100,caminhão,64.82
115,83,moto,5.27
573,40,moto,27.42
207,66,caminhão,82.15
555,78,moto,39.21
387,57,moto,22.28
225,45,carro,23.13
597,86,moto,29.0
860,53,carro,98.57
780,41,carro,71.86
378,89,moto,18.24
389,33,moto,17.98
875,35,carro,82.24
231,67,carro,29.46
569,103,moto,30.13
859,52,moto,43.48
743,86,moto,32.43
499,41,moto,27.38
105,91,carro,12.46
620,37,carro,55.44
900,44,caminhão,284.52
110,68,moto,6.97
275,85,carro,31.58
675,69,moto,43.56
728,67,caminhão,288.18
407,48,carro,45.91
821,119,carro,102.16
659,60,caminhão,253.33
41,100,carro,5.12
826,33,carro,70.34
276,80,carro,26.8
53,62,moto,3.22
65,60,caminhão,21.9
213,37,caminhão,64.96
18,98,carro,1.91
675,35,carro,62.43
557,91,carro,64.81
793,47,moto,41.78
431,77,carro,62.54
988,43,caminhão,296.5
674,37,caminhão,205.54
515,31,carro,49.74
292,88,moto,14.76
322,109,carro,38.98
688,104,carro,89.83
696,86,moto,33.73
494,92,moto,25.68
287,108,carro,34.16
230,37,carro,22.02
725,70,carro,85.77
875,75,carro,116.69
722,106,carro,88.61
455,103,caminhão,182.37
640,79,moto,41.36
304,77,moto,19.08
924,64,carro,115.38
213,89,carro,22.74
18,37,carro,1.79
514,90,moto,26.21
568,118,carro,80.27
285,55,carro,30.98
512,103,carro,62.98
407,32,caminhão,121.56
507,50,carro,60.78
879,92,carro,89.88
295,44,caminhão,87.28
271,89,carro,32.51
601,103,moto,32.62
192,68,caminhão,76.1
871,112,caminhão,362.89
732,99,carro,80.63
612,54,caminhão,195.46
477,104,caminhão,177.55
98,40,carro,9.34
23,73,caminhão,9.73
803,102,moto,44.55
19,61,moto,1.06
455,112,moto,23.77
596,92,caminhão,202.27
813,42,carro,78.31
804,32,caminhão,231.12
847,69,moto,53.82
76,75,moto,5.46
657,119,moto,40.56
21,50,caminhão,6.5
954,101,moto,46.81
386,116,caminhão,165.09
434,66,caminhão,152.97
185,89,moto,8.84
199,54,caminhão,62.35
491,76,carro,67.36
342,51,carro,38.39
307,64,carro,38.3
925,116,caminhão,340.7
463,42,caminhão,133.57
34,118,moto,2.02
449,70,moto,26.19
78,103,caminhão,29.58
481,79,moto,36.01
512,104,moto,29.62
656,32,caminhão,193.36
939,59,moto,59.34
546,102,moto,28.99
560,112,caminhão,227.44
891,119,carro,113.48
639,116,carro,86.74
730,51,caminhão,245.56
642,37,carro,56.69
549,90,caminhão,196.84
937,117,caminhão,360.83
421,62,caminhão,161.98
333,110,caminhão,129.29
635,69,carro,84.67
97,117,carro,11.51
755,58,moto,41.62
589,106,moto,32.07
955,114,moto,58.47
997,57,caminhão,314.1
29,68,moto,1.76
977,118,caminhão,392.93
600,95,moto,29.64
329,46,caminhão,100.35
133,62,caminhão,44.76
49,104,caminhão,19.71
111,70,caminhão,44.76
275,49,caminhão,94.14
143,113,carro,19.55
790,71,moto,50.37
697,38,caminhão,188.4
575,93,carro,70.52
834,98,carro,94.76
73,34,caminhão,21.12
841,93,caminhão,277.23
272,32,moto,12.82
656,76,moto,47.48
787,93,moto,41.36
312,39,caminhão,84.39
829,79,carro,106.96
35,74,caminhão,13.47
785,106,carro,91.19
15,47,caminhão,5.04
298,85,caminhão,90.73
771,111,carro,106.39
120,108,carro,16.01
648,80,carro,65.65
908,97,moto,46.39
600,92,moto,31.34
255,63,moto,16.56
194,47,moto,11.47
410,43,moto,21.7
369,92,caminhão,134.17
432,91,carro,44.61
734,52,carro,86.79
160,116,carro,21.84
194,43,moto,9.62
368,35,carro,35.98
775,46,caminhão,243.88
330,72,moto,19.64
728,66,caminhão,250.86
695,104,moto,39.63
381,88,moto,18.85
108,82,moto,4.89
418,62,carro,50.21
231,82,carro,23.62
262,48,caminhão,91.08
129,42,caminhão,35.53
769,108,moto,45.92
271,66,caminhão,97.38
420,64,caminhão,152.01
92,81,carro,9.31
304,40,caminhão,91.72
795,67,carro,97.74
304,52,carro,36.29
647,64,carro,74.07
546,118,caminhão,216.63
309,58,caminhão,105.16
620,48,caminhão,182.3
204,90,moto,10.48
518,74,carro,70.23
630,88,carro,68.58
972,32,caminhão,251.82
64,45,carro,6.2
738,47,moto,43.1
257,44,caminhão,86.1
676,82,caminhão,239.02
792,63,carro,88.43
615,60,moto,40.41
306,114,carro,40.12
458,75,moto,31.39
556,109,carro,65.0
508,33,caminhão,138.11
30,108,moto,1.81
57,93,moto,3.12
935,90,carro,109.87
567,94,moto,30.0
929,34,caminhão,249.04
770,68,moto,46.54
901,110,caminhão,379.08
758,97,moto,39.51
865,67,carro,100.29
704,82,caminhão,245.66
952,42,carro,95.15
438,40,caminhão,140.88
855,31,moto,43.26
483,54,caminhão,152.99
704,54,carro,87.94
886,100,moto,49.74
42,105,caminhão,14.97
135,92,caminhão,43.97
15,100,moto,0.74
738,33,caminhão,213.82
303,58,carro,36.85
643,85,moto,33.91
519,105,carro,63.15
515,44,carro,53.03
283,85,carro,28.05
740,63,caminhão,255.7
896,89,caminhão,305.18
62,46,carro,6.93
258,96,moto,13.97
766,64,caminhão,258.27
787,99,caminhão,277.16
472,93,caminhão,163.8
474,49,caminhão,138.16
939,45,caminhão,262.48
453,36,caminhão,129.43
218,80,carro,24.91
960,105,carro,121.95
203,87,carro,23.38
337,57,caminhão,109.09
82,96,caminhão,32.1
802,63,carro,103.9
906,40,moto,41.32
850,47,caminhão,246.17
299,62,moto,17.31
865,100,carro,105.99
244,108,moto,12.23
420,107,moto,23.5
594,94,carro,64.71
742,112,carro,95.96
264,52,caminhão,78.29
675,77,carro,91.46
623,86,caminhão,202.92
345,74,caminhão,133.12
91,81,moto,4.49
236,82,carro,25.56
60,117,moto,3.36
165,72,moto,11.92
895,55,carro,111.25
548,80,carro,54.48
330,94,moto,17.37
496,51,moto,26.04
818,95,moto,39.97
916,59,carro,110.51
140,66,carro,18.12
383,101,moto,19.27
480,48,moto,24.02
206,69,carro,24.76
369,91,moto,19.22
247,43,caminhão,72.48
422,89,caminhão,132.44
706,50,caminhão,209.78
418,117,carro,51.79
255,49,moto,15.27
353,93,caminhão,133.98
970,63,carro,108.76
771,113,carro,93.25
777,45,carro,90.01
751,38,caminhão,229.01
414,38,moto,19.14
520,32,moto,25.99
43,85,carro,5.1
255,35,caminhão,68.53
565,52,caminhão,192.63
928,106,carro,107.66
441,99,caminhão,174.29
591,94,carro,63.45
374,36,moto,17.63
343,87,carro,39.88
303,98,carro,36.61
667,113,moto,38.97
113,69,caminhão,40.64
551,109,caminhão,207.23
825,47,caminhão,232.85
359,36,moto,17.21
235,109,moto,13.35
97,101,moto,4.8
876,89,carro,104.49
125,68,moto,8.44
68,87,caminhão,22.07
460,33,carro,41.94
65,52,caminhão,20.71
501,106,moto,29.51
501,94,caminhão,165.82
158,110,moto,9.23
303,117,moto,19.41
634,54,carro,69.06
671,46,caminhão,225.67
532,106,caminhão,216.71
674,73,carro,94.29
384,117,moto,22.27
501,73,moto,33.85
581,90,moto,31.02
270,54,carro,31.43
949,37,moto,49.9
665,32,carro,57.85
86,103,moto,4.85
229,42,moto,12.7
66,80,caminhão,21.66
965,67,moto,64.28
648,98,carro,80.07
663,110,carro,89.55
815,89,moto,43.89
773,40,carro,83.88
482,81,carro,49.11
443,107,carro,51.84
980,119,carro,140.45
73,42,caminhão,23.1
786,64,caminhão,291.57
903,111,moto,47.19
423,79,caminhão,169.58
495,70,caminhão,177.25
415,108,carro,49.88
18,97,moto,0.88
533,32,carro,45.15
346,56,caminhão,119.94
574,109,caminhão,233.43
371,85,moto,16.73
838,54,moto,43.75
361,61,carro,41.85
878,52,moto,48.29
387,78,moto,27.21
667,78,carro,82.78
982,80,caminhão,344.53
227,49,moto,12.1
609,32,moto,28.77
125,85,caminhão,40.29
532,52,carro,59.89
19,86,caminhão,6.37
330,64,caminhão,121.03
252,85,caminhão,88.72
312,90,carro,32.06
328,98,moto,17.44
763,66,caminhão,282.71
794,100,moto,39.86
338,103,moto,17.38
716,60,caminhão,227.65
561,77,moto,35.41
238,68,moto,16.0
920,62,caminhão,355.39
95,98,caminhão,36.45
703,40,caminhão,211.74
232,34,carro,20.9
323,83,moto,15.02
443,33,caminhão,126.93
929,98,carro,105.81
584,69,caminhão,231.43
762,80,caminhão,265.69
621,32,moto,27.56
827,115,carro,113.76
770,79,carro,98.85
760,44,carro,84.62
584,119,caminhão,242.04
187,103,moto,10.13
149,69,carro,19.69
638,114,carro,77.8
90,112,carro,11.13
833,60,carro,101.36
433,30,moto,18.34
182,88,moto,8.99
400,85,moto,17.92
871,54,moto,50.82
863,96,caminhão,315.5
756,72,carro,92.67
213,80,carro,22.15
230,47,carro,23.79
534,77,caminhão,228.54
970,119,caminhão,378.02
94,35,caminhão,28.06
642,96,carro,80.84
358,78,moto,26.77
295,89,moto,14.08
357,72,moto,24.65
47,86,moto,2.49
250,74,caminhão,104.4
937,45,moto,51.72
261,69,carro,35.11
339,33,carro,31.18
204,54,caminhão,62.78
35,54,caminhão,11.55
699,46,caminhão,198.57
694,102,moto,36.64
585,68,moto,38.19
589,33,carro,51.54
931,112,caminhão,366.68
528,45,carro,59.1
825,117,carro,105.14
497,86,carro,50.98
101,72,caminhão,40.77
320,98,moto,18.24
566,92,moto,29.66
280,41,carro,28.45
106,117,carro,15.08
860,101,moto,46.01
588,37,moto,29.56
880,94,moto,44.77
513,78,caminhão,192.95
362,91,carro,37.98
974,116,carro,124.02
40,67,caminhão,16.21
36,79,carro,5.2
778,59,carro,101.71
604,62,caminhão,219.44
611,66,caminhão,239.92
396,80,moto,19.01
241,53,carro,27.56
814,56,carro,85.84
895,54,carro,110.48
779,107,carro,98.97
202,34,moto,10.26
724,33,caminhão,182.03
667,117,moto,39.68
392,64,carro,46.06
889,86,caminhão,310.32
873,41,caminhão,241.01
960,44,carro,107.51
160,39,caminhão,45.53
612,33,carro,53.08
199,107,moto,10.36
352,40,carro,36.99
322,91,caminhão,119.64
111,115,carro,15.66
917,70,caminhão,329.47
112,70,moto,7.48
644,64,moto,38.13
365,72,carro,52.76
874,42,caminhão,270.21
607,57,carro,73.33
784,54,moto,48.88
832,71,caminhão,326.64
31,42,moto,1.74
754,105,moto,40.22
971,33,moto,44.02
261,87,moto,13.2
191,107,caminhão,73.38
863,56,caminhão,269.98
429,92,caminhão,148.31
790,115,carro,107.29
574,37,moto,26.59
925,36,moto,46.37
63,113,carro,7.35
428,117,caminhão,188.56
894,34,caminhão,231.78
947,103,carro,118.8
714,47,moto,40.21
843,116,moto,51.97
25,98,moto,1.31
856,89,carro,94.64
169,70,carro,23.9
739,89,moto,33.73
476,56,moto,26.23
127,37,carro,11.4
785,35,caminhão,201.35
873,114,caminhão,350.39
918,71,caminhão,349.5
772,77,carro,98.18
366,100,carro,43.79
428,78,caminhão,184.83
308,71,caminhão,116.99
362,51,moto,19.6
381,86,carro,38.55
640,107,moto,37.09
480,40,caminhão,130.06
617,59,caminhão,227.11
913,101,carro,108.23
85,106,caminhão,32.08
62,77,caminhão,24.06
627,50,carro,65.23
98,53,moto,5.46
337,69,carro,46.67
867,70,caminhão,349.58
244,48,caminhão,80.24
775,37,caminhão,202.13
384,110,moto,22.91
500,105,caminhão,188.87
976,76,caminhão,359.23
715,78,carro,89.1
185,62,caminhão,72.27
517,102,carro,56.98
438,32,caminhão,123.27
333,55,carro,39.56
72,108,carro,9.41
907,89,moto,44.1
336,66,moto,20.76
608,101,moto,30.86
739,89,carro,79.19
788,36,moto,38.24
530,31,caminhão,147.14
457,98,moto,24.62
314,103,moto,18.24
26,96,carro,3.24
424,117,carro,50.13
252,64,moto,16.06
47,104,carro,5.35
16,82,carro,1.82
954,111,caminhão,401.45
688,104,carro,86.79
486,48,carro,55.14
547,100,moto,28.61
779,104,carro,89.52
71,44,moto,3.6
874,94,caminhão,298.41
905,96,moto,43.06
567,38,moto,29.81
190,77,carro,27.77
877,76,caminhão,374.54
514,101,caminhão,198.59
749,50,moto,40.75
929,70,caminhão,347.43
998,99,carro,126.17
807,51,caminhão,258.1
653,91,carro,74.24
546,84,carro,56.28
131,106,caminhão,49.54
892,74,caminhão,325.41
845,101,moto,43.56
634,81,caminhão,201.92
132,44,moto,6.89
910,99,moto,48.48
376,98,caminhão,145.36
416,38,moto,20.51
373,105,moto,18.83
525,96,moto,25.87
910,49,carro,105.37
646,67,carro,86.59
761,32,carro,69.44
699,89,moto,35.62
185,33,carro,16.32
289,46,caminhão,83.68
48,109,carro,6.33
736,85,caminhão,240.65
322,59,caminhão,110.01
662,46,carro,71.99
33,42,moto,1.57
333,117,caminhão,137.39
512,109,moto,30.8
452,92,moto,22.38
822,56,moto,49.59
512,39,caminhão,162.63
127,72,carro,16.59
887,83,carro,89.06
871,84,moto,42.91
695,41,caminhão,194.2
750,72,moto,52.24
352,39,caminhão,104.18
102,37,moto,4.57
177,94,carro,20.63
983,84,moto,49.91
377,119,caminhão,140.03
632,119,carro,88.1
941,69,caminhão,338.97
91,100,moto,4.92
349,57,moto,20.29
13,97,carro,1.56
411,115,moto,25.73
282,68,caminhão,99.48
940,107,caminhão,380.74
240,118,carro,29.91
968,54,carro,104.5
252,71,caminhão,101.01
519,95,carro,64.83
502,102,moto,28.33
811,94,carro,87.25
934,50,moto,54.58
373,110,caminhão,153.56
801,44,carro,82.62
481,42,moto,23.29
531,94,moto,26.44
394,97,caminhão,145.89
830,87,moto,39.05
603,58,caminhão,200.62
356,104,moto,18.39
597,98,carro,76.46
310,55,moto,17.11
993,48,moto,49.58
405,51,moto,22.41
997,110,carro,122.55
640,87,caminhão,217.81
971,67,carro,117.42
716,36,caminhão,216.64
286,118,caminhão,125.45
428,111,moto,23.47
965,119,moto,61.16
617,87,caminhão,201.23
679,61,moto,39.34
249,75,moto,15.65
989,33,carro,93.96
895,37,carro,84.66
496,90,moto,23.64
184,110,moto,10.8
628,101,carro,78.83
762,93,caminhão,277.28
605,39,caminhão,183.3
152,107,caminhão,53.81
243,47,caminhão,71.1
988,100,moto,47.22
949,48,caminhão,289.21
331,56,moto,17.47
547,95,moto,26.01
971,116,moto,60.5
318,95,carro,39.85
82,39,moto,4.03
765,75,caminhão,315.5
29,59,carro,3.55
121,84,carro,14.24
197,89,caminhão,74.36
607,71,moto,39.56
572,101,moto,27.48
649,63,moto,41.92
96,35,carro,8.59
265,55,caminhão,92.97
307,73,caminhão,115.81
948,31,caminhão,238.58
761,99,moto,36.51
563,107,moto,29.88
480,84,caminhão,163.05
708,119,carro,100.79
443,52,carro,52.66
565,36,carro,52.72
130,104,caminhão,53.21
161,55,caminhão,53.95
741,31,caminhão,204.05
172,90,moto,9.04
560,33,carro,52.46
545,71,carro,68.42
576,34,carro,58.17
41,91,carro,4.47
896,119,carro,107.83
603,79,caminhão,226.16
309,79,caminhão,132.65
929,116,caminhão,406.57
346,114,caminhão,125.93
126,69,moto,8.55
405,88,moto,21.59
99,79,moto,6.22
699,39,caminhão,219.53
479,101,carro,54.2
577,86,moto,26.22
709,57,carro,79.97
584,117,carro,83.96
647,47,moto,35.39
876,73,carro,112.21
13,42,moto,0.68
157,105,carro,18.15
929,70,moto,63.53
303,60,moto,17.24
232,33,carro,22.08
917,61,caminhão,295.7
820,97,moto,40.59
761,43,moto,38.39
869,101,moto,50.33
123,40,carro,11.84
176,71,carro,22.75
699,71,carro,83.56
202,61,carro,24.7
20,66,moto,1.28
188,33,caminhão,51.11
222,40,carro,24.23
149,117,caminhão,63.77
613,94,caminhão,215.1
826,31,carro,77.94
558,62,caminhão,207.52
310,48,carro,31.58
689,61,caminhão,249.4
672,104,moto,35.54
682,118,moto,40.81
92,105,carro,10.52
462,93,carro,55.82
968,51,moto,50.53
94,37,carro,9.94
264,108,moto,15.24
624,67,moto,41.14
100,101,carro,12.42
458,41,caminhão,130.82
554,96,moto,30.64
962,101,moto,54.56
207,76,carro,26.03
930,38,caminhão,267.47
140,68,caminhão,52.4
369,39,moto,20.06
189,62,caminhão,64.22
882,87,moto,38.77
840,58,caminhão,261.37
102,77,caminhão,42.4
794,90,moto,41.65
871,34,moto,41.79
123,75,caminhão,52.04
138,74,moto,8.77
518,41,moto,24.32
999,45,caminhão,321.52
741,103,moto,43.82
53,108,moto,2.99
988,117,moto,56.74
210,65,caminhão,71.26
994,85,carro,114.68
57,82,moto,2.84
468,79,caminhão,203.35
212,52,carro,24.69
959,55,carro,110.06
255,36,moto,11.55
66,59,caminhão,20.93
97,52,carro,11.71
825,67,caminhão,302.27
796,62,caminhão,270.39
481,37,caminhão,139.94
902,74,carro,110.34
868,53,carro,97.41
390,99,carro,46.3
660,37,moto,30.03
989,39,moto,47.72
510,36,moto,26.59
30,66,carro,3.72
529,58,caminhão,194.14
974,84,moto,46.8
68,42,caminhão,19.16
17,34,caminhão,4.82
676,111,moto,36.16
873,69,moto,57.54
737,88,moto,33.41
313,106,moto,18.1
947,96,caminhão,342.46
536,66,carro,68.09
758,92,caminhão,270.88
355,58,moto,20.34
412,37,carro,44.11
212,35,caminhão,64.12
462,48,moto,26.13
354,41,caminhão,98.79
23,43,moto,1.12
219,39,carro,20.89
203,63,caminhão,74.45
786,54,carro,81.21
821,94,caminhão,319.99
225,52,caminhão,68.39
95,47,carro,11.15
55,104,carro,6.69
173,49,carro,17.52
961,40,moto,51.55
417,59,carro,49.95
223,118,carro,30.53
623,101,carro,69.89
203,72,carro,28.32
159,114,carro,22.16
967,86,moto,43.35
644,115,carro,83.07
301,56,moto,18.4
472,65,caminhão,172.91
38,102,moto,2.1
752,106,caminhão,313.75
608,49,caminhão,198.96
167,107,moto,9.46
998,61,caminhão,356.68
510,33,moto,24.75
713,64,carro,82.29
277,107,moto,15.93
799,113,carro,100.14
637,62,carro,81.56
454,114,moto,24.68
359,99,caminhão,130.56
138,61,caminhão,53.29
109,98,carro,12.87
613,117,carro,86.13
302,78,carro,40.0
822,102,caminhão,293.23
63,38,carro,5.68
759,109,moto,39.84
642,86,carro,75.84
753,113,caminhão,318.06
382,77,carro,54.09
244,61,caminhão,90.86
295,96,carro,37.16
466,82,carro,48.0
584,101,carro,75.34
866,96,caminhão,340.02
771,42,moto,37.07
855,105,moto,49.73
220,61,caminhão,79.79
682,49,carro,72.03
139,95,carro,15.75
863,75,moto,56.89
95,102,moto,5.57
32,51,moto,1.62
831,34,carro,75.33
975,74,moto,58.97
115,37,carro,12.17
509,45,caminhão,149.73
742,109,caminhão,281.65
550,57,carro,63.24
797,73,caminhão,333.83
416,53,carro,51.53
439,33,caminhão,119.63
175,32,carro,17.91
17,103,carro,2.2
781,34,moto,40.19
126,51,caminhão,39.48
864,112,carro,111.32
178,115,caminhão,69.12
121,32,caminhão,32.41
383,118,carro,48.91
723,36,moto,32.46
817,50,caminhão,250.31
774,33,carro,70.41
85,110,caminhão,34.84
403,64,moto,27.17
767,112,moto,39.57
449,63,caminhão,155.39
902,112,moto,47.17
291,93,carro,31.82
391,63,moto,25.48
608,79,caminhão,260.01
659,80,carro,62.1
720,44,carro,73.15
843,89,caminhão,311.62
228,65,carro,28.58
694,45,moto,34.21
210,96,caminhão,69.9
196,58,moto,11.88
878,38,moto,47.11
153,32,carro,12.85
71,109,carro,9.48
371,111,carro,51.47
623,97,caminhão,204.72
176,117,caminhão,67.17
629,104,caminhão,243.72
325,93,carro,37.01
21,72,caminhão,7.49
746,55,carro,84.38
886,109,carro,112.65
35,38,moto,1.83
92,113,moto,5.55
362,115,carro,45.7
947,86,carro,98.69
339,51,carro,40.47
566,76,carro,74.13
482,83,caminhão,161.14
230,65,caminhão,83.36
95,62,carro,12.73
156,31,carro,15.11
431,75,caminhão,174.81
385,72,carro,51.39
571,49,caminhão,176.83
39,65,caminhão,14.17
146,30,moto,6.94
543,100,moto,31.47
19,92,carro,2.21
447,101,carro,55.65
247,98,caminhão,85.0
108,63,caminhão,40.42
995,118,carro,125.62
653,66,moto,44.87
472,63,moto,28.5
995,64,moto,61.15
245,60,moto,14.66
789,58,caminhão,287.72
788,30,moto,34.21
428,58,carro,47.77
979,99,caminhão,365.31
202,87,moto,10.2
450,56,caminhão,146.29
143,64,moto,9.04
189,106,moto,10.24
173,115,moto,10.03
324,98,caminhão,119.91
201,115,moto,11.73
98,48,caminhão,30.56
129,41,carro,12.87
352,51,moto,19.9
810,95,carro,99.08
704,108,carro,79.05
984,82,moto,45.69
999,64,moto,63.16
180,102,caminhão,72.72
999,31,carro,87.85
540,55,moto,30.79
191,50,caminhão,64.9
190,47,caminhão,56.07
746,88,moto,37.4
833,58,caminhão,264.99
909,83,carro,91.8
974,79,caminhão,365.58
643,44,caminhão,199.59
571,73,moto,35.84
463,76,carro,65.98
799,74,carro,100.98
272,105,carro,34.41
934,115,caminhão,395.0
539,33,caminhão,146.31
896,83,carro,96.97
353,97,caminhão,132.96
587,82,caminhão,187.24
118,74,caminhão,49.03
861,100,carro,104.02
274,119,moto,17.68
170,56,moto,9.35
386,101,caminhão,143.74
563,33,carro,57.74
132,53,caminhão,42.48
747,66,carro,102.64
860,57,caminhão,312.66
961,76,caminhão,342.01
135,47,carro,14.65
120,59,carro,15.36
298,48,carro,34.75
732,56,moto,42.92
233,83,moto,11.65
816,48,carro,89.64
749,113,caminhão,301.13
678,97,caminhão,237.96
212,72,carro,25.38
755,35,moto,36.92
596,99,caminhão,210.09
580,51,carro,68.81
140,50,carro,14.75
876,94,caminhão,290.93
30,54,carro,3.31
779,104,caminhão,289.11
174,78,moto,12.88
32,113,carro,4.1
275,105,carro,36.87
300,89,caminhão,102.23
821,52,moto,42.93
978,90,carro,102.31
882,49,caminhão,281.93
925,33,moto,42.78
926,87,caminhão,320.33
532,49,caminhão,156.75
826,56,moto,45.93
228,82,caminhão,78.21
239,77,carro,33.45
957,73,moto,69.6
671,116,caminhão,268.07
700,76,caminhão,293.56
697,82,caminhão,214.05
885,105,carro,108.84
644,43,caminhão,177.84
281,40,moto,12.98
32,91,caminhão,11.27
460,59,carro,59.67
118,119,caminhão,51.66
282,53,carro,31.51
501,31,caminhão,142.78
101,46,moto,5.64
597,38,caminhão,173.82
115,55,moto,6.17
815,57,caminhão,298.57
375,68,moto,22.27
233,112,caminhão,91.4
167,55,caminhão,58.39
786,48,moto,40.39
564,80,caminhão,187.18
398,49,moto,21.06
137,36,carro,14.54
591,39,carro,59.83
435,39,moto,22.09
411,76,carro,50.59
494,47,carro,55.52
915,35,carro,79.62
337,70,caminhão,130.29
543,105,caminhão,205.23
654,82,caminhão,210.11
508,85,caminhão,175.78
43,72,carro,6.03
189,86,moto,8.98
873,101,caminhão,311.74
614,105,carro,81.21
947,46,caminhão,266.28
354,118,carro,43.11
271,42,carro,26.81
515,73,carro,65.01
214,37,moto,11.49
500,104,carro,62.35
539,53,caminhão,189.45
584,63,carro,73.1
118,40,carro,10.93
869,119,moto,50.06
949,103,carro,115.7
596,72,carro,74.18
904,69,moto,56.73
476,64,moto,29.9
138,113,carro,17.82
48,56,carro,6.04
678,34,caminhão,205.59
901,108,moto,52.07
723,110,moto,39.11
755,115,moto,42.49
710,119,carro,98.85
209,35,moto,9.28
898,117,caminhão,355.04
531,66,caminhão,190.41
726,44,caminhão,208.69
943,53,caminhão,316.15
93,66,carro,10.69
159,67,caminhão,53.64
283,39,caminhão,83.26
780,64,moto,44.48
699,116,caminhão,288.61
303,60,moto,18.94
962,72,caminhão,351.95
139,55,caminhão,48.33
140,100,moto,7.78
512,106,carro,61.95
678,93,caminhão,246.11
438,51,moto,24.45
971,82,caminhão,327.69
162,37,caminhão,45.93
864,118,moto,54.02
431,65,carro,52.07
537,51,moto,27.24
395,62,caminhão,131.77
153,62,carro,17.4
325,70,moto,20.76
130,113,moto,7.26
654,105,caminhão,245.35
226,68,moto,13.92
620,68,caminhão,252.06
282,75,moto,20.4
194,62,caminhão,62.24
123,104,moto,6.55
155,91,carro,18.64
249,61,carro,28.28
648,40,moto,33.6
220,38,caminhão,65.31
574,80,caminhão,183.94
755,65,carro,85.92
428,73,carro,54.18
424,91,moto,20.33
274,83,carro,29.94
692,47,carro,71.65
148,39,moto,7.64
248,80,moto,10.57
846,79,moto,52.78
832,65,moto,55.2
540,87,moto,24.9
215,43,carro,20.85
324,41,moto,16.36
341,55,caminhão,108.32
163,63,caminhão,57.97
839,30,caminhão,228.09
443,95,moto,22.59
891,119,moto,53.83
464,107,moto,23.69
81,89,carro,9.04
822,86,carro,93.52
127,119,moto,7.6
967,83,carro,109.3
386,50,caminhão,122.38
127,101,carro,16.48
516,44,carro,58.65
94,36,moto,4.4
352,78,caminhão,141.43
153,118,carro,21.76
723,57,carro,78.41
975,107,caminhão,340.56
113,51,carro,12.09
597,95,moto,29.82
782,39,carro,85.84
911,70,caminhão,376.05
849,118,caminhão,313.22
120,98,carro,13.92
884,94,caminhão,327.4
868,65,carro,102.58
924,114,carro,130.04
153,34,caminhão,45.58
856,36,moto,41.36
245,105,moto,14.39
173,98,carro,19.24
648,86,carro,72.92
257,92,caminhão,97.49
787,70,moto,51.18
785,78,moto,59.2
108,118,caminhão,46.92
651,112,moto,35.89
350,100,moto,17.05
368,103,moto,19.21
777,88,caminhão,243.3
53,76,caminhão,21.35
985,57,caminhão,366.79
897,86,carro,102.24
112,66,carro,14.08
575,33,moto,27.38
419,35,caminhão,107.5
481,101,carro,52.0
854,105,moto,49.54
921,70,caminhão,319.68
89,119,moto,5.24
233,52,caminhão,80.05
808,118,caminhão,303.18
345,96,caminhão,115.58
333,40,caminhão,100.85
225,93,carro,27.66
30,47,carro,2.98
163,108,moto,9.84
763,102,carro,92.06
675,72,caminhão,263.99
895,110,moto,47.48
608,117,carro,85.28
921,40,caminhão,287.74
357,33,carro,31.68
726,63,caminhão,255.64
357,104,carro,44.86
971,32,caminhão,252.04
537,65,caminhão,180.85
219,113,caminhão,89.46
599,114,carro,74.35
642,55,moto,34.6
257,114,carro,32.14
25,64,caminhão,9.82
404,90,moto,21.7
48,79,carro,6.79
738,42,carro,70.64
425,51,caminhão,137.61
927,51,carro,113.21
418,109,carro,53.33
514,64,moto,29.79
458,83,caminhão,155.76
106,69,caminhão,38.49
967,71,carro,117.82
864,72,carro,103.19
277,101,carro,30.59
824,83,carro,91.62
363,115,carro,47.77
789,110,carro,99.75
651,116,moto,38.84
967,41,carro,97.38
835,88,caminhão,287.01
579,89,carro,66.09
244,106,carro,32.33
135,109,moto,7.14
647,38,caminhão,168.33
723,91,caminhão,228.45
358,78,caminhão,139.57
198,44,caminhão,58.77
961,115,moto,52.39
607,90,caminhão,230.63
54,92,carro,5.85
761,57,caminhão,284.22
795,36,moto,35.54
92,63,caminhão,30.55
580,102,caminhão,225.87
443,112,caminhão,171.52
585,118,moto,36.24
991,40,caminhão,313.64
69,117,moto,4.04
450,65,carro,60.45
620,94,moto,33.84
980,71,caminhão,393.4
143,106,caminhão,59.27
77,30,moto,3.2
183,34,caminhão,46.44
908,33,carro,77.78
448,36,caminhão,118.74
514,33,carro,43.84
623,119,carro,77.36
833,42,caminhão,235.28
216,75,caminhão,83.25
358,85,caminhão,118.26
761,109,caminhão,312.79
191,74,moto,11.55
691,42,carro,73.76
153,100,moto,8.53
699,52,carro,76.61
35,60,carro,4.49
751,94,carro,87.11
368,74,carro,48.07
655,47,caminhão,216.65
255,81,carro,28.44
612,60,caminhão,201.95
295,42,moto,15.95
729,57,carro,89.45
963,50,moto,52.23
294,78,moto,21.78
779,51,caminhão,268.04
251,98,moto,14.3
326,103,moto,17.04
479,57,moto,30.69
890,46,moto,49.92
560,117,moto,31.31
223,59,carro,26.94
657,107,caminhão,268.85
969,79,carro,145.59
244,82,carro,27.93
824,117,carro,116.02
998,69,carro,120.86
309,73,moto,18.97
837,35,moto,39.05
136,96,moto,6.92
140,90,moto,6.28
794,83,caminhão,273.65
119,62,carro,13.2
680,66,moto,39.85
344,94,carro,37.61
767,59,moto,45.6
467,33,moto,22.02
494,40,carro,47.64
925,48,caminhão,271.35
846,96,moto,40.82
234,101,carro,25.37
227,75,caminhão,96.5
403,103,carro,46.18
943,42,carro,101.29
930,115,caminhão,388.32
441,79,caminhão,193.65
631,113,caminhão,237.64
972,44,moto,49.25
511,41,moto,26.01
538,95,carro,63.01
19,113,moto,1.0
265,55,caminhão,81.53
319,97,caminhão,115.75
659,68,caminhão,256.44
662,73,caminhão,249.36
417,61,carro,50.48
68,90,caminhão,23.85
568,74,caminhão,202.22
504,107,moto,26.38
744,110,caminhão,265.16
131,68,carro,16.02
36,68,caminhão,12.21
483,80,caminhão,148.32
695,71,moto,47.19
901,78,caminhão,349.13
445,73,moto,31.03
289,44,moto,14.47
694,71,carro,88.19
217,53,carro,23.01
200,98,carro,24.16
979,95,carro,104.22
838,112,carro,106.21
753,64,moto,48.21
429,60,carro,54.03
441,83,moto,22.17
943,43,carro,97.04
918,66,caminhão,358.33
720,64,carro,81.84
366,80,moto,18.05
124,108,moto,6.21
425,67,carro,53.34
805,82,carro,79.53
875,42,caminhão,263.92
117,88,caminhão,41.23
963,104,caminhão,373.46
129,42,caminhão,35.15
970,65,carro,127.46
43,74,caminhão,18.26
717,78,carro,90.08
480,39,moto,26.33
215,71,carro,30.48
228,58,caminhão,72.5
349,85,carro,36.06
170,54,carro,20.23
733,61,caminhão,272.38
882,78,carro,131.36
681,81,caminhão,234.34
207,33,carro,19.46
685,86,moto,34.68
923,33,carro,92.68
354,102,moto,18.69
339,61,moto,20.21
632,79,carro,92.56
418,101,moto,21.72
381,58,caminhão,119.79
295,67,moto,18.53
660,33,moto,33.66
296,100,carro,34.74
860,118,caminhão,371.98
595,74,carro,83.89
256,109,caminhão,105.91
636,59,carro,68.74
351,59,caminhão,129.91
840,85,caminhão,260.38
609,43,caminhão,183.82
655,64,caminhão,259.53
101,69,moto,6.85
297,51,carro,32.12
122,35,caminhão,32.47
816,89,carro,98.54
152,49,carro,17.14
513,40,caminhão,145.94
397,67,moto,25.85
115,75,carro,16.87
776,107,carro,99.39
216,115,caminhão,82.21
683,84,caminhão,226.39
638,71,carro,84.09
377,105,caminhão,146.89
842,39,caminhão,245.54
634,36,carro,56.75
561,72,caminhão,212.72
687,75,caminhão,243.86
285,47,carro,29.1
87,106,moto,4.37
304,96,moto,14.31
476,48,moto,27.49
495,91,caminhão,179.53
450,116,carro,56.79
679,56,moto,38.08
851,109,carro,104.17
149,30,carro,13.68
449,97,carro,50.61
943,39,caminhão,293.38
586,99,moto,33.28
466,84,carro,51.02
272,60,caminhão,95.93
456,68,carro,53.68
905,85,moto,41.44
59,50,moto,3.46
880,87,moto,45.66
184,61,moto,10.72
721,70,carro,84.29
232,115,carro,30.16
675,75,carro,93.54
491,66,caminhão,176.6
348,93,carro,40.0
867,49,carro,102.97
68,80,caminhão,24.1
124,112,moto,7.64
20,85,moto,1.04
318,99,caminhão,105.51
586,59,carro,65.82
289,33,caminhão,84.17
231,75,caminhão,89.1
81,109,moto,4.14
170,119,carro,21.93
745,96,moto,37.67
582,40,caminhão,169.21
742,105,caminhão,283.63
33,60,moto,2.04
919,30,caminhão,240.77
851,93,moto,40.85
474,61,moto,30.75
670,83,moto,33.58
773,38,caminhão,216.7
913,74,carro,127.17
891,97,moto,45.28
996,110,moto,50.21
223,84,carro,22.66
803,65,caminhão,315.58
291,80,carro,28.65
717,69,moto,48.57
782,85,carro,78.25
928,40,caminhão,266.52
320,80,carro,32.75
580,58,moto,35.26
505,30,moto,23.49
736,76,caminhão,303.96
969,51,carro,112.29
390,90,caminhão,131.68
536,110,carro,67.36
312,98,moto,16.36
613,65,carro,69.8
105,58,carro,11.97
572,59,caminhão,197.44
159,105,carro,20.94
751,60,moto,40.63
433,93,moto,22.43
413,44,caminhão,120.36
184,107,carro,20.85
64,53,moto,3.49
789,103,caminhão,281.91
772,60,caminhão,286.27
52,66,carro,6.36
659,67,moto,37.67
334,48,carro,39.17
151,41,carro,16.28
531,58,carro,68.51
960,96,moto,47.44
945,54,carro,114.82
600,55,caminhão,183.32
313,97,moto,15.91
582,41,caminhão,176.17
866,36,carro,85.35
126,117,moto,7.67
712,89,moto,35.57
836,119,moto,44.71
826,95,carro,95.75
954,81,caminhão,322.62
80,49,caminhão,27.52
393,96,carro,48.47
39,64,moto,2.23
315,52,caminhão,100.41
399,104,moto,19.63
628,95,moto,31.76
658,105,caminhão,238.47
993,64,moto,65.62
175,52,carro,21.07
509,91,moto,25.54
409,100,moto,22.47
339,54,moto,17.9
990,74,carro,123.1
801,90,caminhão,257.4
626,118,carro,81.23
678,83,caminhão,205.5
289,74,moto,19.37
835,112,caminhão,311.68
245,104,caminhão,86.94
144,49,carro,14.61
747,96,carro,89.9
525,107,moto,29.85
225,68,carro,29.83
397,98,caminhão,151.9
806,49,caminhão,244.57
761,66,carro,91.7
194,43,moto,9.46
980,116,moto,55.51
665,60,caminhão,236.7
771,31,caminhão,195.68
566,111,caminhão,224.37
450,81,moto,22.86
824,99,moto,46.79
169,51,carro,18.26
323,81,carro,34.22
663,44,caminhão,209.54
111,47,caminhão,35.25
34,103,moto,2.01
350,54,carro,40.93
966,74,caminhão,401.0
520,61,caminhão,187.75
266,83,caminhão,92.17
441,102,caminhão,180.67
762,55,moto,44.3
821,52,moto,49.79
991,62,moto,54.84
43,50,carro,4.43
438,75,caminhão,156.73
74,108,carro,9.22
942,36,caminhão,277.01
373,62,carro,42.67
738,30,carro,62.23
252,95,caminhão,94.39
821,32,moto,39.03
527,103,moto,25.64
720,103,caminhão,274.15
681,116,caminhão,297.71
146,102,carro,18.12
704,32,moto,34.41
448,88,moto,21.99
481,53,moto,25.64
761,52,caminhão,266.28
795,40,moto,38.6
891,60,moto,49.98
498,60,carro,56.65
501,60,carro,64.08
217,36,carro,20.11
361,98,moto,20.65
280,44,carro,31.6
668,84,moto,30.36
532,63,caminhão,191.55
942,30,moto,40.16
136,78,caminhão,51.35
272,70,caminhão,105.01
990,52,moto,58.15
37,81,carro,4.03
978,51,carro,103.5
975,90,moto,48.13
308,75,caminhão,112.0
382,60,carro,45.64
371,116,caminhão,165.11
730,72,carro,102.65
834,117,moto,49.19
817,112,caminhão,301.29
183,36,carro,17.94
897,73,carro,128.96
364,41,carro,39.41
799,84,moto,37.61
746,38,moto,37.19
777,72,caminhão,314.19
96,46,moto,5.54
384,113,moto,19.89
684,101,carro,77.86
427,62,caminhão,158.23
213,81,carro,21.7
49,110,caminhão,20.94
351,58,moto,21.28
955,83,moto,44.48
807,91,carro,91.87
170,52,carro,19.82
340,86,moto,15.86
563,60,moto,35.87
356,49,moto,20.47
791,60,carro,87.96
500,69,caminhão,173.2
204,103,moto,11.56
312,75,carro,44.25
645,87,caminhão,208.4
583,33,caminhão,163.44
403,69,moto,24.53
321,87,carro,35.24
227,79,caminhão,91.39
726,111,carro,87.5
783,65,caminhão,296.8
545,91,carro,65.95
698,102,carro,90.19
14,84,moto,0.72
499,69,caminhão,181.54
854,34,carro,77.33
944,33,caminhão,275.97
620,111,moto,35.86
618,41,moto,31.7
382,55,moto,20.96
893,90,carro,104.16
410,84,carro,40.24
624,40,carro,65.6
984,78,moto,74.22
293,88,carro,35.44
242,59,carro,29.47
350,113,caminhão,144.58
450,96,caminhão,158.6
318,36,caminhão,87.89
540,46,carro,52.79
705,54,carro,76.72
100,72,moto,6.19
953,113,carro,132.68
515,104,caminhão,200.74
708,63,caminhão,252.51
733,59,carro,90.97
256,54,caminhão,84.78
416,89,carro,43.62
27,63,moto,1.82
622,51,carro,68.68
783,83,carro,89.89
581,107,moto,30.72
806,45,caminhão,246.88
706,52,caminhão,248.89
76,100,carro,9.25
186,72,moto,13.41
460,54,caminhão,148.04
748,99,carro,84.19
978,61,moto,61.74
166,116,carro,23.02
758,106,carro,100.2
866,83,caminhão,308.91
830,42,moto,41.55
648,55,caminhão,233.18
474,115,caminhão,204.74
399,31,moto,17.0
652,39,moto,30.43
431,60,carro,52.77
733,115,carro,95.53
242,103,moto,13.98
725,41,moto,34.82
148,54,moto,9.07
381,60,carro,50.25
583,61,moto,36.2
434,57,caminhão,155.34
97,49,carro,11.53
462,34,moto,22.15
170,114,caminhão,70.82
536,112,carro,68.79
745,104,moto,41.04
811,32,caminhão,232.22
823,74,carro,113.29
280,99,moto,15.62
30,110,caminhão,11.56
77,53,carro,8.6
971,106,caminhão,392.96
240,101,moto,13.38
975,87,moto,44.54
119,63,caminhão,39.74
51,68,carro,6.0
392,51,moto,21.37
136,78,caminhão,59.09
399,104,caminhão,149.57
725,114,moto,44.21
709,30,caminhão,191.64
196,32,carro,16.68
332,80,carro,37.48
759,50,caminhão,237.92
705,113,carro,87.9
833,41,carro,78.29
403,47,caminhão,125.4
746,83,carro,82.82
680,107,carro,79.26
144,57,carro,18.29
386,90,moto,19.47
142,102,carro,16.14
111,70,caminhão,39.9
459,77,caminhão,171.43
997,34,caminhão,275.23
667,48,caminhão,210.97
796,60,carro,102.47
928,115,caminhão,355.4
425,31,carro,39.5
451,113,caminhão,188.4
288,69,carro,34.15
353,67,carro,40.5
851,115,moto,48.91
274,72,caminhão,111.84
255,109,caminhão,107.59
727,62,caminhão,233.24
316,100,moto,15.4
920,113,moto,57.11
125,72,caminhão,48.77
121,101,moto,6.92
707,119,caminhão,265.47
614,75,caminhão,222.58
588,57,moto,32.11
707,109,moto,38.45
123,53,moto,6.68
205,37,carro,18.51
855,36,moto,38.38
748,105,carro,97.62
629,60,moto,36.49
636,30,moto,26.28
703,76,caminhão,298.25
972,65,moto,66.43
361,93,moto,19.24
629,61,caminhão,202.48
496,77,carro,68.7
547,96,moto,26.49
975,36,moto,51.82
25,79,moto,1.76
923,72,moto,56.9
264,76,caminhão,111.33
580,105,carro,65.85
530,79,carro,78.78
730,78,moto,52.35
263,51,caminhão,92.4
554,109,caminhão,209.37
488,36,caminhão,125.64
739,32,carro,68.85
914,89,carro,101.88
191,111,caminhão,67.81
641,117,carro,76.92
622,71,moto,37.06
334,92,caminhão,109.53
353,118,moto,22.31
790,96,carro,91.83
629,97,moto,32.18
879,84,carro,93.37
665,112,moto,37.92
535,110,caminhão,230.47
885,116,caminhão,393.82
191,33,caminhão,52.66
602,73,moto,41.37
87,117,caminhão,31.97
188,74,carro,26.11
113,69,caminhão,42.98
54,118,moto,3.22
821,115,carro,110.17
970,47,moto,52.0
274,106,caminhão,109.2
233,30,moto,10.73
993,51,moto,59.09
45,96,caminhão,17.13
468,62,moto,29.98
166,64,moto,11.12
560,110,moto,33.7
169,50,caminhão,57.06
555,97,moto,30.22
491,101,carro,62.76
633,44,carro,70.31
868,73,moto,56.68
787,40,caminhão,236.44
247,98,caminhão,92.83
37,93,moto,2.02
783,101,moto,42.61
513,107,carro,57.56
902,48,carro,89.38
782,81,caminhão,247.67
974,106,caminhão,355.51
291,63,carro,39.02
418,58,caminhão,143.8
919,118,caminhão,339.86
166,119,carro,22.59
995,117,carro,135.3
688,96,caminhão,243.17
951,48,carro,97.78
464,76,caminhão,196.25
471,107,moto,25.48
255,33,carro,22.41
584,104,caminhão,238.64
608,114,carro,83.37
853,110,moto,46.6
570,81,moto,25.02
269,32,caminhão,65.93
121,106,caminhão,47.84
821,76,caminhão,353.19
527,43,moto,25.77
525,87,carro,58.04
268,88,moto,14.26
649,70,carro,87.04
600,86,moto,29.8
106,109,carro,12.52
309,32,moto,15.55
638,42,caminhão,187.79
480,110,moto,25.25
617,93,caminhão,214.0
905,37,caminhão,249.74
570,106,moto,31.11
892,107,carro,119.07
29,83,caminhão,10.16
606,87,carro,67.46
826,86,caminhão,298.68
101,64,carro,12.87
652,79,caminhão,272.28
688,66,carro,89.54
416,92,moto,22.73
137,118,carro,19.18
149,87,caminhão,48.42
26,36,moto,1.34
298,71,carro,40.64
95,107,moto,5.53
489,75,moto,30.43
983,61,moto,64.41
797,37,carro,75.57
143,98,caminhão,50.1
64,43,moto,3.37
785,89,caminhão,253.85
674,57,caminhão,216.82
705,70,moto,49.98
85,98,carro,9.94
308,53,moto,16.52
893,101,caminhão,340.38
283,100,carro,34.07
660,81,moto,31.67
274,111,carro,34.08
623,109,moto,31.51
689,106,moto,37.86
26,81,carro,2.87
569,82,caminhão,200.79
412,64,moto,27.44
657,106,carro,76.25
664,43,moto,36.73
662,118,caminhão,297.32
991,67,moto,64.44
462,119,carro,66.56
188,34,caminhão,56.07
704,117,moto,41.92
18,31,moto,0.75
226,100,carro,28.57
389,98,moto,18.51
760,83,carro,81.36
712,113,moto,36.69
995,35,carro,95.47
871,50,caminhão,305.61
408,92,caminhão,154.59
113,110,moto,5.72
817,54,moto,50.15
775,60,carro,96.21
279,52,moto,14.41
94,112,carro,10.95
162,116,moto,8.71
215,73,carro,26.63
299,57,moto,17.49
972,82,carro,101.88
797,100,carro,90.56
671,37,moto,33.21
685,108,moto,36.85
257,80,moto,11.88
899,77,caminhão,327.74
269,101,carro,35.04
252,60,caminhão,91.77
329,117,moto,18.66
159,109,moto,9.59
453,64,carro,54.93
469,34,carro,46.2
711,48,carro,81.33
440,78,carro,64.34
931,112,caminhão,381.17
218,54,moto,13.66
372,81,carro,38.14
937,94,caminhão,309.03
168,65,moto,9.44
976,117,caminhão,396.92
243,82,caminhão,73.13
670,45,carro,70.46
642,100,moto,31.52
816,81,carro,83.41
707,74,carro,89.58
985,91,moto,44.53
692,68,carro,85.7
904,112,caminhão,365.49
633,43,caminhão,193.18
408,75,carro,58.56
82,56,moto,4.83
292,60,carro,36.73
51,112,moto,2.71
516,118,caminhão,227.93
774,84,moto,39.82
602,58,moto,35.13
396,44,caminhão,120.65
824,52,carro,98.5
128,95,moto,7.0
100,101,caminhão,40.46
354,76,moto,25.02
818,91,moto,41.91
856,60,carro,97.35
715,107,caminhão,263.88
325,35,caminhão,95.08
21,88,caminhão,7.08
106,45,moto,5.58
378,41,caminhão,118.88
776,45,caminhão,258.49
611,40,carro,56.05
500,33,caminhão,140.57
583,42,moto,31.89
580,45,carro,58.13
76,115,moto,4.21
870,107,carro,100.42
184,69,carro,25.21
369,47,caminhão,115.3
316,48,carro,37.43
30,70,carro,4.22
159,72,caminhão,58.9
328,95,carro,40.53
627,58,moto,38.55
855,72,carro,115.53
609,49,caminhão,203.42
779,108,caminhão,329.83
605,80,caminhão,195.72
294,113,caminhão,106.22
146,39,carro,15.59
21,76,caminhão,8.09
719,41,carro,66.54
657,81,carro,68.82
77,61,moto,4.74
673,37,caminhão,206.91
35,48,caminhão,11.69
351,80,caminhão,115.25
494,60,caminhão,163.37
454,101,moto,25.96
39,76,carro,5.27
934,35,caminhão,263.69
504,113,carro,69.81
185,65,carro,23.95
496,59,caminhão,176.13
19,75,moto,1.33
840,84,carro,90.94
395,45,moto,20.24
580,37,caminhão,173.53
837,104,carro,97.14
378,42,moto,21.07
230,79,moto,14.39
686,30,carro,66.83
685,118,caminhão,277.99
382,71,moto,25.37
624,106,caminhão,234.57
761,60,moto,46.15
626,98,carro,80.65
365,69,caminhão,149.1
489,82,caminhão,166.34
833,73,carro,107.57
758,69,carro,102.4
771,93,moto,37.77
941,68,moto,57.59
676,89,carro,77.36
386,53,caminhão,131.63
779,65,carro,90.83
233,74,moto,15.68
52,43,moto,2.95
718,117,caminhão,304.63
828,107,moto,48.03
82,116,caminhão,32.75
400,90,caminhão,126.25
728,37,moto,32.57
874,52,carro,90.67
793,111,moto,42.03
667,48,carro,75.31
972,116,moto,60.72
331,82,moto,14.66
383,42,moto,21.21
689,79,moto,44.81
288,63,moto,15.98
258,64,carro,30.4
832,113,caminhão,344.5
891,51,moto,52.44
983,30,carro,89.78
397,56,caminhão,124.09
994,96,moto,46.61
759,109,carro,103.86
463,72,caminhão,163.54
626,43,moto,34.95
183,71,carro,22.98
231,75,moto,16.75
386,76,caminhão,144.25
946,61,carro,103.31
475,109,moto,27.97
293,60,moto,16.74
144,111,caminhão,52.6
961,105,carro,120.37
979,41,carro,95.79
253,60,moto,14.06
652,115,caminhão,248.05
104,109,carro,13.98
396,61,caminhão,151.82
849,40,moto,46.53
736,118,moto,41.72
959,59,carro,107.6
679,96,moto,33.54
248,47,carro,28.0
843,77,caminhão,321.19
821,59,carro,95.71
862,83,caminhão,310.56
568,84,carro,60.26
556,67,carro,65.19
546,37,carro,55.71
67,80,caminhão,19.82
312,90,carro,35.56
689,104,moto,39.79
286,55,carro,30.37
974,112,caminhão,398.89
382,65,moto,25.79
68,35,moto,3.0
44,62,moto,2.44
542,64,moto,36.54
789,105,caminhão,271.67
82,66,caminhão,30.12
136,84,caminhão,48.7
771,112,caminhão,310.58
425,103,moto,21.26
770,114,moto,45.13
375,81,caminhão,111.47
177,60,moto,10.82
398,65,moto,24.99
207,51,caminhão,61.17
446,89,carro,48.93
163,106,caminhão,64.98
102,60,caminhão,38.06
611,113,moto,32.02
846,70,carro,99.91
516,89,carro,60.0
778,31,caminhão,198.2
644,77,moto,46.66
193,50,moto,10.47
445,116,moto,25.95
746,112,moto,46.33
70,65,moto,4.63
562,89,caminhão,176.52
404,41,carro,39.9
568,47,carro,62.62
14,103,moto,0.69
26,57,moto,1.54
771,118,moto,42.4
440,111,carro,52.6
512,35,carro,53.62
307,82,carro,34.74
592,89,moto,26.7
248,110,carro,29.25
721,103,caminhão,269.22
556,43,moto,29.99
992,45,caminhão,306.87
490,48,caminhão,149.22
201,48,caminhão,61.29
483,94,carro,56.4
598,117,moto,33.28
430,46,caminhão,126.08
592,46,caminhão,195.59
947,76,carro,137.06
54,79,carro,7.68
942,61,caminhão,319.0
334,33,caminhão,92.08
33,101,moto,1.74
599,73,carro,77.68
947,60,caminhão,307.4
659,44,carro,64.13
416,69,caminhão,163.05
274,45,moto,15.47
379,102,carro,43.14
109,87,caminhão,40.24
412,87,carro,46.12
482,53,carro,50.27
299,98,moto,16.7
684,46,moto,34.6
66,66,carro,8.72
825,84,carro,92.73
843,34,caminhão,256.07
676,74,caminhão,241.73
420,107,moto,24.49
888,114,caminhão,327.0
543,103,caminhão,185.15
857,97,carro,91.1
63,66,moto,4.12
649,43,moto,34.06
938,35,caminhão,260.21
279,44,moto,13.71
408,34,moto,19.53
887,110,carro,107.88
93,119,moto,5.72
614,72,moto,36.73
225,116,moto,12.34
261,104,caminhão,107.86
820,108,moto,44.82
684,107,carro,88.26
845,68,caminhão,330.22
983,112,moto,54.25
44,110,moto,2.25
385,35,caminhão,101.89
58,69,caminhão,21.13
398,42,carro,41.42
971,51,moto,51.59
910,53,carro,100.77
106,108,caminhão,41.86
608,117,caminhão,259.06
625,39,moto,29.02
564,45,caminhão,160.48
882,88,carro,90.19
383,40,carro,34.81
341,109,carro,40.21
872,111,caminhão,362.02
864,80,caminhão,253.94
712,43,caminhão,211.42
441,110,moto,25.54
78,97,carro,8.97
304,96,carro,34.83
335,86,moto,17.07
727,118,carro,103.82
799,87,moto,39.01
270,68,carro,32.74
599,39,carro,55.16
438,81,caminhão,153.68
633,38,caminhão,169.62
629,68,caminhão,230.02
346,69,carro,45.42
33,53,carro,3.37
685,74,moto,48.78
31,54,caminhão,10.35
359,105,moto,19.13
420,57,caminhão,140.03
35,119,carro,4.77
141,73,carro,18.48
759,36,moto,33.42
955,77,caminhão,346.17
370,60,caminhão,116.98
991,94,carro,119.96
316,104,moto,16.19
532,90,carro,56.14
304,116,moto,18.61
512,103,moto,28.82
722,81,caminhão,238.4
44,77,caminhão,16.42
701,77,carro,100.6
788,110,moto,45.02
148,69,caminhão,50.13
142,42,moto,7.63
974,48,caminhão,323.58
314,108,caminhão,109.6
988,66,carro,129.35
475,108,moto,28.08
505,69,carro,59.7
219,46,carro,21.54
424,76,carro,55.09
670,85,moto,31.31
409,30,caminhão,116.37
775,115,caminhão,285.32
263,71,caminhão,96.89
446,82,moto,19.48
747,45,carro,74.6
988,96,carro,107.48
265,81,carro,26.35
685,73,caminhão,242.95
277,89,moto,12.74
582,37,carro,61.88
254,62,moto,14.06
736,69,carro,87.19
527,116,moto,27.78
286,47,carro,29.43
651,69,carro,79.45
107,52,moto,5.61
256,99,moto,12.62
98,56,carro,10.68
772,116,moto,41.45
522,30,moto,24.94
690,102,moto,39.15
435,100,caminhão,160.96
535,55,caminhão,189.78
955,88,caminhão,348.25
874,90,caminhão,291.92
362,116,carro,46.17
529,50,caminhão,175.97
200,52,moto,11.25
625,33,moto,30.44
967,64,moto,61.13
867,59,carro,100.22
584,64,moto,38.5
96,62,caminhão,33.5
344,86,carro,36.78
866,33,moto,43.0
905,70,caminhão,311.21
124,94,caminhão,39.89
892,51,moto,53.29
671,82,caminhão,241.68
65,119,carro,8.83
429,113,carro,52.76
300,45,caminhão,97.95
186,72,caminhão,68.0
213,81,carro,23.47
979,95,carro,119.16
926,49,carro,111.23
25,111,carro,3.24
991,55,moto,61.2
42,99,caminhão,15.77
735,53,caminhão,242.3
782,56,moto,44.74
613,41,carro,63.29
486,89,caminhão,168.23
119,108,moto,6.62
584,30,carro,49.47
894,95,moto,41.31
177,72,moto,11.7
410,89,carro,48.33
317,42,caminhão,103.09
168,116,caminhão,70.8
577,90,carro,63.67
187,72,carro,26.35
130,42,caminhão,36.24
795,91,moto,41.13
393,84,caminhão,137.35
279,62,caminhão,93.95
862,75,carro,105.77
715,115,caminhão,279.34
396,38,moto,18.74
900,111,moto,55.09
706,107,caminhão,256.76
787,30,carro,77.99
186,85,caminhão,62.18
172,86,moto,8.53
481,73,caminhão,195.02
497,109,carro,65.51
541,85,caminhão,181.78
875,93,carro,97.11
420,70,moto,25.45
982,56,moto,61.91
208,36,moto,11.05
739,87,moto,38.91
873,67,caminhão,305.02
680,103,moto,37.53
571,94,caminhão,190.96
902,112,caminhão,330.01
81,46,carro,8.44
296,48,caminhão,101.44
755,57,moto,43.63
960,101,moto,51.39
620,111,moto,32.82
517,38,moto,26.25
412,41,moto,20.14
24,58,caminhão,9.05
749,33,carro,64.56
94,86,carro,9.81
992,92,moto,52.89
523,52,moto,31.73
655,115,carro,85.92
932,74,caminhão,358.1
274,34,moto,12.45
165,99,moto,8.19
278,70,carro,33.87
356,62,moto,21.52
639,104,moto,33.66
815,116,caminhão,345.47
332,98,caminhão,109.97
258,110,moto,15.42
384,71,moto,23.32
974,112,moto,58.58
131,112,carro,17.39
606,51,caminhão,184.07
260,94,caminhão,99.52
150,33,carro,14.73
796,33,carro,79.67
545,115,caminhão,240.86
535,42,carro,57.65
979,118,caminhão,389.61
352,99,moto,19.22
272,94,carro,32.34
82,49,carro,9.18
30,108,moto,1.72
34,110,moto,1.9
858,55,carro,93.74
130,109,caminhão,48.85
769,48,caminhão,261.97
704,86,moto,36.52
818,97,carro,86.16
761,40,moto,35.42
351,63,carro,44.03
654,55,carro,79.97
479,51,moto,26.62
58,51,caminhão,17.22
69,42,moto,3.72
246,38,moto,13.3
163,67,carro,21.51
738,60,carro,91.17
109,66,carro,13.79
105,88,caminhão,36.66
526,65,moto,34.23
860,34,caminhão,232.26
263,75,moto,17.13
796,70,carro,101.34
428,97,caminhão,164.95
522,99,carro,57.1
450,90,moto,22.53
162,73,moto,10.49
483,66,moto,29.5
267,86,moto,13.6
978,35,moto,49.1
218,111,moto,12.72
342,60,moto,21.34
809,85,caminhão,257.79
450,89,caminhão,163.33
521,53,carro,64.32
903,60,moto,56.34
590,31,carro,54.2
630,81,moto,30.35
348,118,carro,47.0
533,66,carro,70.78
507,43,carro,55.53
662,88,caminhão,230.98
537,57,carro,64.75
369,108,carro,45.98
331,71,moto,19.62
235,77,moto,15.96
657,64,moto,43.15
206,109,caminhão,87.75
396,82,carro,38.16
766,72,caminhão,302.37
813,110,moto,48.24
322,60,carro,40.58
961,118,caminhão,366.99
481,38,moto,25.31
232,62,carro,26.36
689,94,moto,34.42
764,113,caminhão,327.22
345,118,moto,18.88
161,94,carro,18.06
105,43,carro,9.85
853,107,moto,45.12
717,41,carro,67.36
430,98,carro,49.37
633,66,moto,37.78
493,48,caminhão,143.78
339,79,moto,23.46
650,56,carro,82.56
297,93,moto,13.92
997,59,moto,61.01
673,60,moto,41.75
755,113,caminhão,284.97
420,56,caminhão,152.93
959,71,caminhão,360.17
624,37,carro,57.95
517,100,carro,58.26
604,93,caminhão,207.45
462,66,moto,28.33
729,60,moto,47.78
816,86,caminhão,280.31
102,65,carro,13.72
656,73,moto,42.41
359,63,caminhão,137.4
592,42,caminhão,165.04
994,32,caminhão,255.67
421,84,moto,20.8
392,105,carro,49.65
882,37,carro,83.9
119,105,moto,7.11
466,96,moto,25.1
797,84,caminhão,249.44
118,66,moto,7.54
349,83,carro,38.6
119,105,moto,6.06
271,43,carro,26.82
513,113,caminhão,197.69
125,91,caminhão,41.5
973,61,moto,58.92
673,118,moto,36.7
234,51,caminhão,73.13
650,63,caminhão,214.99
13,81,caminhão,4.12
347,113,moto,19.46
891,46,carro,93.97
26,98,carro,3.15
424,39,caminhão,129.71
234,33,moto,11.8
874,75,carro,119.48
304,116,carro,41.21
693,104,caminhão,255.29
730,93,carro,76.55
920,64,carro,114.38
139,30,caminhão,36.21
351,69,carro,42.04
496,43,moto,28.21
628,119,caminhão,249.28
312,70,caminhão,128.27
329,99,caminhão,120.48
84,98,carro,10.5
550,73,moto,37.96
778,34,moto,36.26
113,39,carro,10.7
768,60,carro,86.96
625,113,moto,34.89
87,105,carro,10.17
735,41,carro,73.54
798,43,caminhão,265.09
747,117,carro,93.62
713,61,carro,85.71
657,68,moto,38.85
351,76,moto,25.82
431,112,moto,23.94
685,109,caminhão,276.53
904,85,caminhão,316.5
960,67,moto,66.75
307,89,carro,35.29
145,59,carro,17.75
966,37,moto,49.05
816,104,moto,41.68
26,119,caminhão,10.09
764,105,carro,97.56
219,36,moto,9.72
335,76,moto,21.63
51,93,carro,5.98
318,108,carro,42.27
535,96,moto,26.02
59,57,caminhão,18.59
543,58,caminhão,203.14
642,88,carro,74.69
557,86,carro,66.04
295,50,carro,34.66
973,107,carro,125.99
835,36,moto,41.34
404,100,carro,51.51
571,82,carro,61.25
281,95,moto,14.21
381,40,moto,19.83
308,41,moto,14.54
695,73,caminhão,255.58
816,103,moto,45.29
346,108,caminhão,139.93
674,30,caminhão,193.28
132,79,moto,8.47
714,52,carro,72.37
652,109,carro,79.12
178,74,moto,11.46
634,33,moto,29.31
222,34,moto,11.54
777,88,carro,83.67
443,37,carro,45.54
635,91,carro,69.16
912,114,carro,118.68
514,92,moto,25.44
669,117,moto,36.49
281,40,moto,13.11
109,86,carro,11.11
962,99,carro,107.15
865,102,carro,100.07
398,48,caminhão,121.72
197,86,carro,19.67
893,105,carro,104.62
583,87,carro,67.94
704,48,carro,70.58
14,71,caminhão,5.08
64,97,caminhão,21.93
408,58,moto,25.8
44,112,caminhão,16.0
756,114,caminhão,273.99
756,41,moto,37.69
544,118,caminhão,203.2
62,40,carro,6.58
567,49,moto,28.65
580,102,caminhão,218.8
481,118,moto,30.04
325,113,moto,20.22
996,87,caminhão,330.9
71,61,carro,8.02
158,75,caminhão,66.11
844,62,moto,49.11
868,68,moto,56.76
767,109,moto,44.82
174,100,carro,22.24
916,38,caminhão,255.8
743,73,caminhão,277.41
554,118,moto,35.06
660,62,moto,41.14
66,59,caminhão,20.96
792,107,moto,43.46
57,62,caminhão,21.5
740,88,moto,32.62
342,88,caminhão,112.38
29,60,moto,1.6
802,78,carro,107.14
212,75,caminhão,89.47
857,58,caminhão,319.65
296,99,caminhão,99.32
50,61,moto,3.13
521,78,caminhão,223.42
329,115,moto,19.51
711,69,carro,83.12
126,37,caminhão,33.98
363,118,carro,49.94
720,62,carro,86.72
736,37,moto,35.51
659,79,caminhão,248.85
71,68,moto,4.51
31,63,moto,1.77
817,66,caminhão,276.65
952,65,caminhão,367.31
880,117,moto,46.76
970,117,moto,54.72
60,42,carro,6.72
885,68,carro,110.33
691,84,moto,36.17
900,118,moto,56.94
373,42,carro,37.18
402,51,caminhão,131.14
500,104,carro,62.6
594,36,caminhão,167.01
13,105,moto,0.78
93,84,moto,4.59
215,33,carro,19.21
127,38,moto,6.05
536,31,moto,23.49
319,115,moto,20.15
793,61,carro,89.68
179,47,carro,19.67
945,72,carro,118.9
72,90,moto,3.45
452,104,moto,24.25
314,74,carro,44.68
813,75,moto,59.78
412,78,moto,27.55
944,54,caminhão,330.95
906,117,moto,56.34
117,84,moto,5.42
379,59,caminhão,129.16
210,76,caminhão,79.48
314,59,caminhão,118.29
88,97,carro,10.01
553,48,carro,64.0
182,90,caminhão,63.82
637,53,carro,78.63
207,42,caminhão,68.12
46,118,carro,5.92
332,75,caminhão,141.65
79,76,caminhão,30.78
737,118,caminhão,289.6
232,87,caminhão,71.36
542,85,caminhão,190.25
546,81,moto,26.52
517,39,carro,50.65
907,102,caminhão,317.6
449,68,caminhão,157.03
922,52,carro,102.58
407,66,caminhão,160.5
306,102,moto,16.14
886,98,carro,109.92
989,58,carro,122.9
629,99,moto,30.09
482,56,carro,58.66
281,119,moto,15.3
906,90,caminhão,286.38
675,35,moto,30.04
325,101,carro,37.22
504,78,carro,63.56
651,38,moto,33.49
298,76,moto,20.97
657,41,carro,68.54
463,82,carro,50.94
424,87,carro,46.12
718,95,caminhão,279.73
52,111,carro,6.72
327,118,moto,20.42
406,72,caminhão,164.39
881,117,moto,55.18
638,107,moto,35.71
596,36,carro,57.69
306,95,moto,16.24
517,79,carro,70.48
754,30,carro,75.13
261,31,caminhão,74.55
172,38,caminhão,49.36
193,113,carro,26.36
941,119,caminhão,358.42
147,100,carro,16.15
364,56,carro,40.55
127,66,moto,8.0
417,51,moto,25.26
598,108,carro,70.78
498,72,carro,66.75
967,88,moto,44.43
373,52,moto,21.55
177,87,caminhão,56.47
217,107,moto,12.79
469,83,caminhão,147.65
998,32,caminhão,254.11
30,42,caminhão,9.68
423,39,carro,44.56
15,57,caminhão,4.86
446,62,carro,49.89
202,95,carro,21.62
579,83,carro,57.92
60,104,moto,3.48
289,91,caminhão,109.74
430,85,caminhão,145.19
846,34,caminhão,250.32
407,118,moto,23.13
123,97,moto,5.86
127,50,carro,12.94
462,83,caminhão,155.52
154,102,moto,9.05
106,71,carro,14.72
19,72,caminhão,7.54
303,84,moto,13.16
309,80,carro,34.16
127,94,carro,14.51
732,115,carro,95.22
542,74,moto,38.47
380,40,moto,17.65
288,52,moto,16.68
105,107,carro,13.88
238,109,moto,13.13
211,85,carro,24.23
500,104,caminhão,194.8
771,62,carro,92.41
877,42,carro,83.11
932,92,moto,46.37
634,91,moto,29.35
244,86,moto,12.21
459,110,carro,59.95
933,67,moto,56.15
565,99,moto,29.04
863,60,caminhão,304.03
708,73,caminhão,293.4
424,39,moto,20.16
703,111,caminhão,299.48
413,30,caminhão,103.57
76,30,carro,7.0
492,69,moto,30.08
894,43,caminhão,255.96
757,34,caminhão,203.93
905,118,caminhão,352.93
824,82,carro,82.78
628,44,caminhão,189.92
167,46,carro,18.77
267,74,caminhão,99.53
637,83,carro,71.63
14,74,moto,0.88
294,41,caminhão,88.32
627,107,moto,31.18
713,84,moto,34.58
759,60,carro,96.56
663,31,caminhão,170.65
721,103,caminhão,296.17
18,54,caminhão,6.33
356,101,carro,42.4
880,97,caminhão,293.6
126,50,carro,14.67
204,97,carro,23.83
527,100,carro,58.3
811,103,carro,98.17
139,100,carro,15.6
206,104,moto,11.09
140,47,moto,8.23
689,54,carro,74.22
114,102,caminhão,42.13
767,83,carro,89.68
568,87,moto,29.6
185,61,caminhão,65.05
93,71,carro,11.79
848,108,carro,112.97
830,35,moto,38.07
997,30,caminhão,248.3
333,112,carro,38.35
238,80,moto,10.0
12,109,moto,0.68
890,51,moto,47.89
315,91,carro,35.49
768,97,moto,40.27
482,74,moto,32.17
463,119,carro,67.13
807,64,caminhão,269.1
976,34,caminhão,283.57
525,39,moto,28.5
263,33,moto,12.97
292,67,caminhão,112.41
712,84,caminhão,229.07
709,50,moto,39.13
641,41,moto,30.37
568,83,caminhão,178.93
909,46,moto,50.75
946,85,caminhão,347.66
286,51,moto,15.28
477,39,carro,49.67
804,47,moto,46.87
333,69,moto,20.27
186,71,moto,12.84
409,84,moto,18.97
742,43,caminhão,214.18
28,69,caminhão,10.51
565,105,caminhão,207.51
257,105,carro,34.2
15,37,caminhão,4.24
339,77,caminhão,140.66
453,53,caminhão,157.04
968,67,moto,66.62
833,108,carro,100.19
171,112,carro,20.37
565,58,moto,35.64
963,73,moto,59.47
872,110,moto,50.3
461,70,moto,31.5
293,119,caminhão,130.83
611,105,carro,75.37
383,76,carro,53.59
827,65,caminhão,310.43
351,96,caminhão,115.41
956,41,carro,91.61
720,55,caminhão,234.62
317,74,caminhão,116.61
986,73,carro,136.41
215,96,carro,27.25
626,94,carro,77.31
327,53,moto,18.83
902,64,caminhão,294.84
725,103,moto,37.02
629,65,caminhão,208.52
319,57,carro,36.3
148,48,moto,7.43
757,59,carro,92.97
383,98,caminhão,152.56
22,87,moto,1.12
125,105,carro,16.06
731,91,carro,76.91
336,58,carro,37.94
700,69,caminhão,248.94
733,63,carro,85.23
353,96,caminhão,116.5
106,59,carro,13.09
822,68,caminhão,318.88
470,79,caminhão,199.99
588,84,moto,30.67
309,102,caminhão,115.48
587,66,carro,67.87
600,52,moto,35.86
93,59,carro,11.57
504,80,moto,22.01
734,118,carro,87.95
695,50,moto,39.19
368,61,caminhão,123.24
585,101,caminhão,232.81
526,73,caminhão,220.38
467,60,caminhão,176.95
444,89,moto,20.83
902,112,carro,118.36
136,105,caminhão,48.68
799,109,caminhão,322.66
363,56,caminhão,131.94
350,85,moto,15.63
368,58,moto,20.71
112,66,moto,6.48
81,50,moto,4.48
873,51,caminhão,302.73
975,118,carro,116.82
915,82,moto,45.97
86,48,caminhão,27.67
700,89,carro,82.33
178,48,carro,20.87
675,48,carro,70.16
566,81,carro,55.15
233,100,carro,30.12
343,117,caminhão,145.97
977,68,caminhão,382.55
588,95,moto,30.1
164,40,caminhão,43.59
503,47,moto,26.53
274,74,caminhão,96.12
777,44,caminhão,235.76
943,110,caminhão,352.58
321,119,carro,40.35
46,101,moto,2.68
127,106,carro,15.35
774,33,carro,72.38
438,103,caminhão,176.59
780,104,moto,42.51
452,57,carro,56.78
416,112,carro,48.09
902,83,moto,39.43
67,84,carro,6.91
927,104,moto,55.0
711,68,carro,94.8
243,59,caminhão,90.49
967,59,carro,112.15
756,36,carro,79.19
886,114,moto,47.18
853,71,carro,102.51
265,43,caminhão,75.92
806,43,caminhão,219.42
71,115,carro,8.65
45,32,moto,2.27
270,94,caminhão,100.1
566,53,carro,67.15
862,95,caminhão,337.99
78,119,carro,10.84
49,62,moto,3.14
76,112,caminhão,29.06
678,51,caminhão,202.84
411,94,moto,20.35
616,35,caminhão,180.25
638,42,carro,64.95
667,40,carro,72.65
968,118,caminhão,374.27
183,49,caminhão,59.24
655,101,carro,74.43
557,93,moto,28.45
778,57,caminhão,275.54
249,47,moto,12.43
555,70,moto,35.32
767,45,caminhão,225.49
60,83,moto,2.58
870,66,caminhão,313.59
736,71,carro,87.38
801,41,moto,37.38
844,69,caminhão,300.27
728,97,moto,39.73
206,81,carro,23.45
435,59,carro,56.9
744,72,caminhão,303.51
823,60,caminhão,313.84
349,44,carro,35.74
319,93,carro,33.53
581,61,moto,37.04
399,64,caminhão,137.46
197,73,carro,27.23
16,74,caminhão,5.71
532,61,caminhão,173.24
164,36,caminhão,45.47
969,99,moto,51.23
693,81,carro,75.22
10,56,caminhão,3.36
791,85,caminhão,270.64
391,96,caminhão,149.01
341,108,carro,42.76
320,39,caminhão,88.0
141,112,carro,17.94
570,103,carro,62.48
612,60,carro,66.16
410,76,caminhão,154.3
444,111,carro,53.09
126,60,caminhão,47.59
586,92,caminhão,198.79
560,54,carro,67.17
809,98,moto,43.04
903,75,caminhão,348.62
84,54,moto,4.7
596,83,carro,58.02
887,89,carro,92.32
805,57,caminhão,288.1
745,61,carro,88.75
707,46,carro,72.67
23,109,carro,2.89
502,96,caminhão,165.4
500,93,moto,26.04
724,113,caminhão,307.91
38,82,carro,4.24
376,114,moto,22.83
962,69,carro,132.86
863,37,moto,38.97
61,52,moto,3.75
252,54,carro,27.65
365,75,caminhão,138.12
739,95,carro,82.87
743,102,moto,37.92
950,103,caminhão,339.49
219,80,moto,9.21
709,83,moto,36.39
943,66,carro,111.6
317,97,caminhão,109.68
809,47,moto,39.15
671,109,carro,84.15
921,39,caminhão,253.97
270,87,caminhão,97.48
828,103,moto,41.22
197,108,carro,26.86
685,44,carro,68.66
457,41,carro,42.35
974,39,carro,90.63
715,32,caminhão,184.82
211,104,moto,10.46
398,107,caminhão,158.11
817,32,caminhão,210.9
462,61,caminhão,165.86
914,115,carro,120.04
257,108,moto,14.23
28,53,caminhão,8.47
299,48,carro,31.79
861,37,caminhão,231.34
132,48,caminhão,44.3
255,74,moto,16.4
243,76,moto,15.8
968,30,moto,41.61
154,87,caminhão,49.1
719,93,carro,89.7
874,81,moto,38.87
380,65,carro,44.23
904,112,moto,53.21
141,31,carro,12.94
616,77,carro,78.51
36,76,moto,2.61
710,108,caminhão,276.74
600,118,carro,86.91
958,47,carro,96.86
815,63,carro,90.6
839,99,caminhão,300.27
424,74,caminhão,164.59
626,107,moto,36.76
952,99,moto,53.65
615,116,moto,38.62
510,112,caminhão,186.54
851,56,caminhão,263.07
365,86,moto,17.17
172,82,caminhão,52.71
736,35,caminhão,202.55
336,113,caminhão,134.21
868,102,moto,43.23
287,56,moto,17.0
504,85,caminhão,185.73
181,62,caminhão,64.16
119,74,caminhão,43.91
89,61,carro,10.27
395,38,moto,19.69
348,82,moto,16.38
776,51,carro,84.01
820,97,carro,103.19
140,35,moto,6.68
622,62,moto,36.19
863,33,moto,37.4
764,66,carro,90.28
743,97,carro,78.52
206,54,carro,22.73
945,48,caminhão,316.46
570,113,carro,80.18
291,76,carro,41.55
108,81,carro,11.0
470,81,carro,50.77
58,102,caminhão,19.69
102,108,carro,13.13
602,89,caminhão,204.83
712,68,carro,90.38
690,77,moto,49.24
213,47,carro,24.62
20,52,moto,1.09
947,107,carro,119.93
168,75,caminhão,64.78
962,82,caminhão,324.77
487,44,moto,26.27
857,35,caminhão,216.78
326,73,caminhão,115.66
327,80,carro,36.91
616,97,caminhão,218.12
355,99,carro,43.14
398,53,caminhão,142.45
516,40,moto,27.59
143,109,caminhão,59.1
381,118,carro,54.53
715,57,caminhão,220.29
272,33,caminhão,68.15
749,57,moto,41.9
417,49,moto,22.31
99,82,caminhão,29.6
14,114,caminhão,5.71
501,41,caminhão,139.52
188,115,carro,23.22
131,83,carro,14.22
46,38,carro,4.49
460,55,carro,53.08
802,108,carro,92.56
339,82,caminhão,117.94
487,37,moto,22.08
140,37,moto,7.02
241,41,carro,26.7
364,78,moto,26.33
635,116,caminhão,235.03
124,107,caminhão,49.4
299,34,moto,14.08
606,55,carro,73.19
716,60,caminhão,260.96
976,99,carro,112.56
605,67,carro,73.49
388,91,moto,17.67
447,111,caminhão,186.44
933,115,carro,125.91
934,104,caminhão,327.06
59,100,carro,7.57
506,95,moto,23.91
559,104,moto,28.37
383,89,moto,17.39
570,76,caminhão,242.34
657,94,carro,70.94
891,79,caminhão,387.7
586,63,moto,34.18
228,30,caminhão,66.07
88,118,moto,5.04
920,67,caminhão,337.23
435,118,carro,56.37
972,98,moto,45.96
227,65,moto,15.42
324,40,moto,17.12
289,40,moto,15.91
490,48,carro,51.78
666,86,caminhão,247.69
232,63,carro,28.5
795,66,carro,90.9
328,83,carro,34.99
271,106,carro,35.58
873,43,moto,46.92
196,80,carro,20.33
985,92,carro,117.86
440,32,caminhão,120.64
94,31,caminhão,23.61
925,76,moto,56.41
769,66,moto,50.2
430,36,carro,38.19
995,37,carro,100.43
636,58,carro,72.92
885,109,carro,116.45
404,33,carro,40.35
262,61,carro,34.06
165,46,moto,8.14
309,76,caminhão,125.01
723,118,carro,94.46
794,101,carro,93.94
857,50,moto,46.5
251,86,moto,10.99
370,54,moto,19.75
281,39,caminhão,77.08
213,107,caminhão,83.65
657,70,caminhão,239.04
454,93,carro,49.35
955,48,carro,102.13
692,71,moto,46.02
474,115,carro,58.03
170,49,caminhão,56.44
218,79,moto,15.42
964,114,carro,136.25
294,67,carro,40.21
942,107,caminhão,390.8
149,118,carro,21.03
273,54,moto,17.02
995,34,caminhão,300.5
853,60,carro,92.57
823,56,moto,48.79
290,110,carro,36.72
916,103,moto,46.74
639,100,carro,76.51
682,93,carro,83.1
423,72,carro,52.66
395,79,caminhão,150.88
296,95,moto,14.66
453,60,caminhão,161.92
468,60,moto,28.9
973,119,moto,62.24
932,108,caminhão,380.86
765,106,moto,39.0
830,81,caminhão,254.37
876,63,carro,110.53
612,114,moto,32.19
75,44,moto,4.27
243,32,caminhão,70.75
884,80,carro,92.57
557,89,moto,25.13
351,82,carro,40.31
785,50,carro,88.06
237,47,caminhão,80.27
980,33,moto,44.63
423,114,caminhão,175.74
610,58,moto,38.27
66,61,caminhão,22.21
922,79,carro,128.06
989,91,moto,45.37
941,71,moto,57.12
251,113,caminhão,101.0
333,112,caminhão,119.62
604,88,caminhão,195.78
658,32,caminhão,179.48
242,31,carro,20.18
633,64,moto,36.58
218,34,carro,19.04
632,80,moto,32.11
501,90,moto,25.72
91,41,moto,4.2
589,70,carro,78.98
783,66,moto,52.26
425,53,carro,43.89
533,61,carro,69.5
884,77,caminhão,375.93
611,51,carro,64.16
236,68,caminhão,87.16
144,93,carro,15.48
905,37,carro,94.05
369,99,carro,42.06
874,105,carro,96.3
208,46,carro,23.4
215,59,caminhão,75.58
348,76,caminhão,128.99
490,55,moto,29.0
671,57,moto,37.63
830,44,caminhão,249.5
35,115,carro,4.39
642,102,caminhão,263.48
993,84,carro,112.45
958,58,moto,52.55
927,105,moto,45.41
244,96,moto,12.45
502,61,moto,27.95
834,88,carro,86.88
218,108,caminhão,86.35
245,92,moto,12.2
326,52,moto,18.26
171,65,carro,23.06
44,101,caminhão,16.19
934,109,caminhão,394.91
237,84,caminhão,78.12
654,51,carro,67.81
760,72,caminhão,284.8
13,103,carro,1.66
579,110,caminhão,212.31
627,46,carro,72.38
108,56,caminhão,37.47
339,56,carro,39.29
840,78,carro,124.85
479,116,carro,57.32
37,53,caminhão,12.62
201,51,caminhão,67.91
502,96,moto,25.11
786,39,carro,86.17
355,55,moto,22.26
334,39,caminhão,90.34
348,84,carro,36.89
437,61,caminhão,164.49
451,42,moto,23.48
518,113,caminhão,221.19
854,79,carro,122.86
484,104,caminhão,166.76
420,114,moto,23.56
149,95,caminhão,48.26
865,119,caminhão,374.3
825,107,carro,108.68
602,108,moto,36.18
47,85,caminhão,15.88
191,111,moto,10.11
129,99,moto,6.51
811,45,caminhão,253.11
724,87,moto,32.75
37,34,carro,3.32
551,84,moto,25.14
152,60,caminhão,55.06
985,46,moto,50.94
299,81,moto,12.83
676,43,moto,38.41
573,79,moto,36.88
929,56,moto,54.92
510,74,caminhão,182.39
852,49,carro,92.93
838,106,carro,105.38
109,32,carro,9.58
918,82,caminhão,319.16
512,99,caminhão,196.52
265,111,caminhão,109.09
431,50,moto,24.84
535,83,carro,57.57
823,114,carro,107.7
517,93,carro,63.86
85,72,carro,10.97
584,112,carro,74.13
106,115,carro,14.27
20,80,moto,0.99
190,30,carro,17.68
549,81,caminhão,188.56
840,119,carro,118.28
261,62,carro,30.86
355,112,moto,20.4
761,50,carro,81.0
223,117,carro,29.61
196,85,carro,19.72
498,70,moto,33.23
853,114,carro,115.83
725,82,caminhão,240.41
764,72,caminhão,287.72
784,76,moto,52.27
187,79,carro,26.19
865,40,caminhão,240.35
440,100,carro,49.4
489,78,moto,36.45
400,101,carro,51.38
351,102,carro,43.42
960,94,carro,117.62
472,91,moto,23.97
408,38,moto,19.72
210,94,carro,25.44
649,74,carro,79.08
818,72,moto,52.31
578,106,caminhão,238.85
470,50,moto,27.89
982,71,moto,66.32
244,92,carro,25.81
37,98,carro,4.66
605,61,moto,38.05
264,98,caminhão,93.08
903,60,moto,54.1
563,113,caminhão,216.28
135,60,caminhão,47.25
78,68,moto,4.98
211,36,caminhão,58.36
156,65,carro,21.28
380,74,caminhão,155.94
669,78,carro,95.02
280,69,moto,18.01
487,45,carro,52.84
225,95,caminhão,82.83
900,34,carro,82.44
358,70,caminhão,138.44
730,38,moto,35.0
909,78,caminhão,358.13
349,119,caminhão,152.18
179,117,carro,22.82
731,65,caminhão,249.42
644,98,moto,35.59
852,111,caminhão,359.01
81,83,carro,9.41
480,48,carro,55.9
770,73,moto,49.89
775,34,caminhão,202.88
348,79,moto,23.23
267,79,moto,18.76
797,67,carro,93.18
120,95,carro,14.41
408,55,caminhão,134.6
913,57,caminhão,292.89
11,97,moto,0.53
401,31,carro,38.67
374,33,moto,17.86
323,55,caminhão,114.02
586,83,moto,26.69
278,39,moto,14.36
598,88,carro,66.25
60,46,caminhão,20.43
986,40,carro,96.15
92,59,moto,5.11
748,78,moto,54.13
832,45,moto,42.55
698,79,carro,89.28
987,55,moto,54.29
300,64,carro,38.27
850,40,carro,90.09
370,45,moto,20.98
329,79,carro,47.42
180,104,carro,20.17
339,97,carro,40.86
336,65,carro,41.61
418,45,caminhão,139.81
110,59,moto,7.14
447,118,moto,23.9
202,32,carro,18.81
648,33,caminhão,171.36
63,66,moto,3.85
586,91,caminhão,198.15
82,87,moto,4.36
385,51,caminhão,114.53
555,108,moto,33.46
327,42,carro,34.88
987,68,caminhão,393.11
272,105,caminhão,108.78
375,49,caminhão,119.3
400,59,caminhão,132.7
665,115,moto,35.08
45,97,moto,2.17
81,82,carro,9.39
64,74,carro,8.32
692,115,carro,94.79
837,88,caminhão,276.99
157,67,moto,10.36
500,63,moto,27.87
352,64,moto,20.58
602,59,carro,65.74
647,68,moto,39.06
755,66,moto,45.73
124,38,carro,11.43
420,91,carro,47.62
45,118,carro,5.71
638,105,moto,31.57
979,90,caminhão,320.18
470,86,carro,48.83
550,39,moto,29.23
956,104,moto,47.05
352,30,caminhão,100.04
350,76,carro,45.76
199,65,caminhão,76.95
503,101,caminhão,200.62
425,60,carro,46.32
700,51,moto,40.97
224,76,carro,30.9
133,66,carro,17.38
608,105,caminhão,228.81
733,65,moto,41.86
633,40,caminhão,169.56
361,85,caminhão,117.59
162,80,carro,15.91
944,39,moto,43.94
670,60,carro,77.11
102,57,caminhão,31.89
96,105,carro,11.03
929,36,caminhão,270.24
60,69,moto,3.53
828,47,carro,84.73
580,68,caminhão,211.5
162,36,moto,8.43
128,94,caminhão,46.36
921,47,moto,44.78
261,36,caminhão,74.98
14,64,moto,0.87
472,36,carro,42.13
16,112,moto,0.85
593,30,moto,24.59
551,38,moto,24.59
701,82,moto,33.86
71,46,carro,7.12
905,71,moto,59.45
455,81,moto,21.77
688,45,moto,35.58
692,112,caminhão,270.58
956,84,caminhão,289.93
181,108,moto,10.88
415,35,carro,41.72
389,70,carro,50.75
367,40,moto,17.43
37,72,moto,2.35
822,49,caminhão,251.57
266,40,moto,13.16
882,110,moto,49.07
179,101,carro,19.88
323,79,carro,45.15
335,96,carro,42.68
913,78,carro,125.5
783,85,moto,35.38
142,88,caminhão,46.82
129,37,moto,6.74
953,110,carro,110.21
217,99,carro,26.15
399,32,caminhão,101.05
953,117,moto,52.66
799,91,moto,38.6
317,45,moto,17.54
807,112,caminhão,332.61
848,36,moto,39.79
561,44,moto,26.96
965,52,caminhão,306.59
779,99,moto,44.85
528,88,caminhão,185.72
103,61,caminhão,33.89
976,36,moto,51.47
165,76,caminhão,66.49
477,30,caminhão,133.71
185,90,caminhão,61.01
279,97,caminhão,105.25
245,82,carro,25.51
440,88,carro,52.26
147,75,caminhão,55.56
74,62,moto,4.52
818,37,moto,43.77
488,41,caminhão,137.1
251,36,moto,11.43
162,39,caminhão,45.3
897,89,caminhão,294.27
12,115,moto,0.71
205,75,moto,13.51
38,46,carro,3.81
263,100,carro,29.44
751,41,moto,38.13
797,51,carro,80.24
264,84,carro,25.52
447,87,caminhão,162.7
348,66,caminhão,138.07
318,44,caminhão,93.19
316,34,moto,14.98
645,84,carro,64.71
315,42,caminhão,100.85
648,115,carro,78.15
267,91,moto,12.52
588,101,carro,70.06
399,48,carro,47.27
75,45,moto,3.68
264,97,caminhão,89.89
31,100,caminhão,11.93
704,69,carro,89.58
900,71,moto,55.45
265,110,moto,15.06
687,47,carro,77.02
276,103,moto,13.51
174,87,caminhão,54.22
792,108,carro,90.27
234,101,moto,13.34
76,85,moto,3.56
200,111,carro,22.98
457,57,caminhão,158.4
608,96,carro,74.06
350,48,caminhão,119.57
427,114,carro,55.48
673,98,carro,82.29
971,110,moto,58.1
136,65,caminhão,50.23
470,77,moto,28.9
612,36,caminhão,165.17
623,81,caminhão,193.79
579,69,carro,76.15
787,105,carro,100.61
787,48,caminhão,229.7
461,81,caminhão,135.97
11,102,moto,0.6
536,88,caminhão,175.44
295,53,carro,33.83
904,54,moto,53.6
181,46,moto,9.09
842,54,moto,48.4
631,105,carro,73.22
53,114,caminhão,22.9
886,74,caminhão,316.96
21,39,caminhão,5.59
230,100,carro,29.37
307,37,moto,16.11
241,62,caminhão,82.81
539,36,carro,55.17
166,87,caminhão,51.57
212,95,caminhão,76.6
687,94,carro,70.88
289,44,carro,27.87
213,104,carro,24.2
736,35,carro,70.39
686,46,caminhão,216.48
388,102,carro,51.11
220,67,caminhão,74.66
802,92,moto,42.95
692,98,caminhão,274.69
389,110,moto,21.99
950,74,moto,58.33
67,47,caminhão,22.53
332,67,carro,43.42
945,93,moto,46.63
433,61,moto,27.65
599,53,caminhão,205.73
104,32,moto,4.82
991,49,moto,57.47
131,49,carro,13.15
892,73,caminhão,361.06
633,37,caminhão,188.46
314,84,carro,34.89
67,33,caminhão,18.24
875,114,caminhão,331.7
649,80,caminhão,199.92
590,102,moto,29.39
492,100,caminhão,171.03
228,43,moto,11.53
697,51,caminhão,240.33
81,95,carro,9.18
396,100,carro,50.95
438,69,moto,30.01
688,90,caminhão,222.3
916,50,caminhão,292.62
849,94,moto,45.7
478,107,caminhão,194.54
654,101,caminhão,251.03
721,88,caminhão,265.34
932,104,carro,102.5
103,81,carro,11.18
708,51,caminhão,219.69
256,86,moto,12.47
857,101,moto,47.52
184,99,caminhão,73.23
801,56,moto,47.95
197,110,caminhão,70.25
284,35,moto,13.79
539,45,carro,59.64
364,72,caminhão,137.26
130,39,caminhão,39.8
380,63,moto,23.27
554,89,moto,26.1
320,73,caminhão,116.67
701,36,carro,64.07
90,85,carro,9.78
771,39,caminhão,239.92
538,33,caminhão,150.64
300,83,moto,13.76
651,94,carro,71.97
541,97,carro,62.95
127,54,caminhão,39.08
67,43,carro,7.01
426,48,moto,25.14
449,115,caminhão,192.46
427,30,carro,37.07
61,87,moto,2.94
500,108,caminhão,188.65
755,65,carro,87.53
836,67,carro,110.27
747,43,moto,38.07
741,80,carro,82.18
137,71,moto,8.31
963,93,caminhão,363.69
865,48,caminhão,281.59
351,87,moto,18.53
106,51,moto,5.97
93,50,moto,4.79
367,111,moto,22.47
750,50,caminhão,257.29
968,68,carro,119.92
807,99,caminhão,277.65
774,40,carro,76.69
444,81,carro,43.45
592,111,moto,34.0
27,81,moto,1.38
174,40,carro,18.97
593,52,carro,68.34
310,55,caminhão,112.8
694,71,caminhão,280.49
837,30,caminhão,221.06
339,55,caminhão,104.03
661,97,moto,37.06
842,74,caminhão,330.31
405,39,caminhão,123.12
394,102,carro,51.02
462,30,caminhão,125.5
362,110,carro,46.08
537,78,carro,75.87
772,48,carro,88.65
969,117,carro,125.12
569,68,caminhão,192.03
505,44,caminhão,142.4
131,90,caminhão,49.6
202,63,moto,11.77
260,36,carro,25.14
357,43,carro,36.67
814,59,carro,100.94
890,101,moto,44.55
477,38,moto,25.05
125,58,caminhão,41.27
37,102,moto,1.82
663,37,moto,32.29
190,71,caminhão,73.4
427,114,carro,59.63
753,59,caminhão,242.25
653,34,moto,32.88
877,113,moto,54.27
447,34,caminhão,125.91
566,59,carro,66.34
542,118,moto,29.28
499,73,carro,71.71
957,85,caminhão,310.1
541,110,carro,64.37
598,77,moto,42.58
85,68,carro,10.82
532,54,moto,28.62
163,66,carro,20.42
562,71,caminhão,208.81
478,68,caminhão,177.79
835,38,moto,40.67
624,68,carro,79.35
864,85,moto,40.04
831,38,caminhão,219.66
148,72,caminhão,54.3
368,36,carro,34.12
765,32,moto,32.28
911,59,carro,101.76
205,90,carro,22.29
812,98,carro,89.01
443,51,carro,50.56
702,51,carro,75.65
165,83,carro,18.73
64,66,carro,7.81
630,59,moto,40.91
741,45,moto,42.76
280,109,caminhão,110.59
721,89,carro,75.3
304,73,caminhão,122.76
763,103,carro,89.18
73,38,moto,3.4
284,85,moto,14.21
536,55,caminhão,169.84
56,43,carro,6.34
534,65,carro,67.17
670,41,carro,72.27
140,109,carro,17.58
714,70,caminhão,277.48
585,53,moto,32.56
280,73,caminhão,112.12
552,59,carro,70.48
548,108,carro,69.2
830,115,caminhão,317.29
556,62,moto,32.87
94,100,moto,4.5
420,45,carro,43.9
986,62,carro,109.5
462,55,caminhão,154.74
776,81,carro,73.49
586,86,caminhão,209.86
502,37,moto,23.85
791,96,caminhão,310.36
947,57,moto,58.69
218,103,caminhão,75.22
387,66,moto,22.49
677,91,caminhão,251.74
697,65,carro,80.81
521,117,carro,74.74
113,45,caminhão,34.74
654,70,moto,38.26
824,79,moto,58.55
195,93,moto,10.27
155,72,carro,21.95
45,113,moto,2.75
948,98,caminhão,324.84
110,34,caminhão,29.26
409,74,carro,50.89
882,102,caminhão,335.8
719,101,carro,77.76
467,65,moto,26.28
39,58,carro,4.16
500,62,carro,55.63
584,103,moto,33.26
952,71,carro,130.87
487,91,carro,49.74
157,61,carro,18.81
583,45,carro,59.69
339,71,carro,44.06
238,99,carro,26.11
903,82,caminhão,301.26
154,106,caminhão,53.88
38,100,moto,1.98
787,117,moto,47.79
659,107,caminhão,250.12
404,73,caminhão,149.92
195,48,carro,20.53
931,106,moto,47.8
615,77,moto,43.4
878,31,caminhão,219.27
230,65,carro,28.09
699,104,carro,86.64
364,74,moto,23.31
409,33,moto,19.14
954,69,moto,63.05
877,42,carro,82.8
841,108,moto,44.4
123,97,moto,6.01
33,72,moto,2.22
28,44,caminhão,8.81
319,77,moto,20.86
612,119,carro,85.84
21,33,caminhão,5.28
240,112,moto,13.91
194,81,carro,19.48
598,34,moto,29.53
583,47,moto,33.85
530,99,moto,29.15
958,77,carro,126.57
628,94,carro,66.54
415,108,caminhão,163.99
507,94,carro,57.75
582,41,carro,59.43
356,113,caminhão,153.64
466,81,moto,22.74
530,60,moto,32.33
186,61,carro,23.46
972,68,moto,66.07
62,45,moto,3.07
208,89,moto,10.31
934,48,carro,97.59
781,90,caminhão,254.62
367,67,caminhão,131.05
19,50,carro,2.23
747,51,moto,43.98
250,63,moto,14.51
279,56,moto,15.84
747,50,moto,42.14
625,104,caminhão,225.87
141,93,carro,15.59
460,101,carro,52.4
487,73,moto,33.03
774,71,caminhão,274.61
193,105,caminhão,76.84
433,94,caminhão,169.34
697,75,carro,101.57
250,86,caminhão,90.92
524,113,carro,72.3
412,98,carro,48.5
313,106,carro,41.99
830,67,caminhão,329.62
746,56,moto,40.42
389,92,caminhão,136.65
22,87,carro,2.62
340,89,moto,17.83
319,56,moto,18.82
80,53,carro,9.12
25,87,carro,2.93
213,83,caminhão,70.1
273,40,moto,14.99
924,92,carro,112.83
59,91,moto,3.01
72,35,caminhão,22.04
202,31,caminhão,56.22
493,52,carro,52.92
76,93,moto,4.13
90,69,carro,12.06
59,51,moto,3.19
364,42,moto,20.1
169,91,caminhão,58.47
146,60,carro,16.97
997,90,moto,47.89
504,98,moto,25.61
332,85,caminhão,118.08
810,96,carro,85.4
408,92,moto,18.99
57,100,moto,3.24
687,70,moto,44.3
890,48,moto,51.25
877,111,carro,119.11
635,75,carro,79.48
881,93,carro,92.49
996,64,caminhão,383.76
90,30,moto,3.95
834,33,carro,84.88
869,34,caminhão,219.48
672,46,carro,78.58
928,81,carro,104.55
341,52,carro,42.03
314,100,moto,17.09
629,72,caminhão,236.88
349,117,moto,21.47
132,47,carro,14.33
247,58,moto,15.45
655,60,carro,82.75
294,74,caminhão,109.57
590,39,caminhão,168.18
267,55,moto,14.29
788,44,carro,84.52
997,53,caminhão,311.29
792,72,carro,105.19
390,35,caminhão,105.61
445,78,carro,64.33
152,104,moto,8.83
186,37,carro,18.56
570,97,carro,72.04
411,83,caminhão,142.29
152,111,carro,20.6
645,73,caminhão,229.67
895,45,moto,43.51
590,113,carro,82.72
172,70,moto,10.81
659,46,carro,69.65
596,67,caminhão,232.46
913,80,caminhão,286.32
223,107,moto,11.27
984,89,carro,115.56
590,85,moto,28.57
659,37,carro,60.47
658,76,carro,90.55
354,44,caminhão,101.45
773,45,caminhão,255.97
527,115,carro,73.75
613,104,caminhão,233.3
847,118,moto,51.71
869,57,caminhão,291.5
799,114,caminhão,333.52
324,58,caminhão,110.34
348,58,caminhão,121.29
11,49,carro,1.1
630,113,caminhão,274.4
844,100,caminhão,314.33
234,54,carro,26.74
372,51,moto,22.18
821,95,moto,44.93
354,53,caminhão,117.78
546,65,moto,32.29
959,88,caminhão,326.4
762,63,caminhão,265.69
175,60,carro,19.91
973,68,caminhão,363.8
597,78,caminhão,248.47
299,66,carro,41.17
256,89,carro,28.92
804,70,carro,101.86
449,93,caminhão,160.21
886,82,moto,42.28
707,111,caminhão,283.15
718,55,caminhão,261.41
514,80,moto,25.44
696,93,carro,84.48
680,72,moto,47.9
897,34,carro,89.16
738,36,moto,37.49
610,32,caminhão,171.3
361,84,carro,35.78
715,50,carro,74.75
942,66,carro,125.88
848,44,caminhão,267.12
442,31,moto,19.83
92,62,caminhão,29.45
205,63,carro,25.44
560,108,carro,66.78
761,115,caminhão,293.91
895,73,caminhão,358.77
127,82,carro,12.46
821,32,carro,69.17
500,119,caminhão,197.53
632,31,caminhão,179.8
994,106,moto,57.85
137,86,caminhão,42.92
103,56,moto,6.15
187,45,caminhão,53.99
576,113,caminhão,234.72
701,102,caminhão,269.7
898,81,caminhão,286.76
886,108,carro,103.22
689,50,moto,39.83
638,105,moto,32.64
536,74,caminhão,214.0
444,98,caminhão,167.36
71,44,caminhão,22.43
906,103,moto,51.09
611,111,caminhão,261.36
549,84,carro,61.89
660,109,carro,82.72
819,103,moto,47.42
74,38,moto,3.77
751,59,caminhão,256.93
502,85,caminhão,160.43
193,93,carro,23.94
623,78,moto,43.52
779,64,caminhão,285.83
120,81,carro,13.28
609,95,carro,67.82
545,37,moto,24.75
385,103,moto,21.4
250,76,moto,16.57
202,113,carro,27.03
842,104,carro,108.29
635,72,moto,38.37
229,85,caminhão,74.4
795,33,carro,74.62
408,36,carro,42.95
488,89,moto,24.51
244,60,moto,14.1
703,105,moto,35.15
397,107,carro,50.6
845,103,caminhão,289.21
205,117,caminhão,78.5
933,34,moto,42.4
161,37,caminhão,42.77
812,46,moto,47.03
399,114,caminhão,145.89
582,89,moto,30.86
452,92,moto,21.5
751,114,caminhão,329.05
660,69,caminhão,254.51
386,49,carro,39.02
667,94,moto,31.63
662,70,carro,86.79
967,44,carro,94.27
208,41,carro,20.43
136,36,carro,12.71
765,92,caminhão,251.23
464,92,carro,56.21
734,56,carro,82.28
661,117,moto,35.46
904,60,carro,115.14
444,81,carro,42.73
646,91,carro,66.73
537,92,carro,61.39
206,117,carro,25.6
741,42,caminhão,208.31
821,72,carro,113.6
577,72,carro,77.02
568,31,caminhão,144.38
914,53,caminhão,315.09
940,69,caminhão,340.1
789,81,carro,90.37
407,105,caminhão,148.68
397,81,carro,45.14
444,109,carro,50.24
19,63,caminhão,6.36
153,57,caminhão,52.58
487,46,caminhão,136.66
939,99,caminhão,370.01
941,34,caminhão,253.71
710,103,moto,38.4
277,51,caminhão,95.1
67,53,moto,3.53
369,46,caminhão,116.61
836,47,caminhão,276.45
806,52,moto,49.16
424,74,carro,61.71
277,84,caminhão,89.57
321,102,caminhão,124.37
831,38,moto,40.5
442,39,caminhão,137.79
594,109,carro,69.94
305,70,moto,18.38
991,62,moto,66.15
908,78,moto,59.64
310,49,moto,15.86
134,53,carro,15.89
331,47,moto,19.14
438,55,moto,26.87
828,79,caminhão,305.43
435,113,carro,59.72
810,67,carro,95.56
279,48,moto,16.28
797,55,caminhão,263.97
461,78,caminhão,200.13
718,78,caminhão,295.97
635,63,moto,41.5
371,96,carro,45.31
340,92,moto,17.35
31,88,carro,3.22
990,40,moto,50.19
440,44,caminhão,129.89
853,49,carro,93.65
115,79,caminhão,44.59
65,95,carro,7.46
773,102,carro,100.47
95,97,moto,5.19
328,60,carro,42.88
506,69,caminhão,196.78
801,65,carro,109.78
529,68,moto,32.36
812,90,caminhão,286.42
93,114,carro,12.59
582,107,caminhão,232.7
357,77,caminhão,141.02
729,76,moto,46.98
336,85,moto,15.33
183,106,moto,9.49
957,87,moto,47.85
654,49,moto,32.54
20,40,caminhão,5.6
667,49,moto,33.94
91,117,caminhão,33.41
506,48,moto,29.95
759,34,caminhão,219.23
712,71,moto,44.66
95,85,caminhão,29.39
349,113,carro,44.61
772,82,carro,79.76
950,41,caminhão,260.04
318,50,carro,37.9
784,52,carro,81.75
667,32,carro,59.65
207,76,caminhão,74.1
683,62,carro,81.23
268,118,caminhão,115.75
519,84,moto,26.95
136,81,moto,5.96
310,91,moto,15.29
161,86,carro,18.38
350,70,carro,41.55
307,105,caminhão,120.6
434,105,moto,23.84
807,40,caminhão,254.5
559,30,moto,24.47
88,68,carro,10.67
135,100,caminhão,46.3
419,69,carro,50.45
335,56,carro,36.35
276,66,caminhão,104.15
480,78,carro,64.09
933,40,moto,47.36
987,53,moto,51.89
234,33,carro,20.04
308,46,moto,15.18
264,67,moto,16.51
505,87,caminhão,176.75
738,96,carro,87.12
246,33,caminhão,71.29
699,75,moto,43.55
226,72,caminhão,89.34
648,72,caminhão,232.42
205,83,carro,23.76
281,43,caminhão,93.46
533,93,carro,58.29
652,112,caminhão,279.12
802,63,moto,51.88
826,83,caminhão,299.48
708,66,moto,41.99
808,62,caminhão,265.97
249,87,moto,13.1
751,117,carro,103.91
377,37,moto,17.45
744,81,carro,80.12
157,76,carro,19.88
838,63,moto,51.82
667,84,caminhão,243.85
557,118,caminhão,218.49
280,95,carro,35.04
990,36,caminhão,275.9
832,108,carro,96.1
753,33,moto,34.44
576,49,moto,30.03
446,61,carro,56.45
256,81,moto,12.13
992,113,carro,129.76
942,59,caminhão,308.97
789,70,caminhão,287.91
285,33,moto,13.9
571,104,carro,73.61
70,51,moto,3.97
631,87,carro,63.95
927,50,carro,98.88
520,83,moto,23.81
28,67,caminhão,11.07
465,49,moto,25.83
193,59,moto,11.4
257,56,moto,14.27
231,108,carro,31.24
61,60,carro,8.04
751,41,moto,38.11
941,84,caminhão,296.91
478,80,carro,50.48
693,84,caminhão,219.13
515,61,caminhão,194.86
45,48,carro,4.52
900,57,caminhão,287.95
456,71,caminhão,177.63
434,42,carro,42.66
437,105,caminhão,167.11
431,36,caminhão,112.46
514,41,moto,27.2
147,117,moto,8.65
174,103,carro,22.69
633,105,moto,34.32
828,41,carro,81.17
61,40,carro,6.6
602,56,moto,32.34
84,42,moto,4.66
408,60,carro,52.62
810,31,carro,80.74
433,65,carro,54.95
850,49,moto,48.86
452,79,carro,61.93
145,117,caminhão,63.22
339,94,caminhão,118.3
908,106,caminhão,358.73
165,106,carro,21.56
625,117,carro,78.94
643,76,carro,94.64
492,89,caminhão,162.14
523,82,moto,24.98
810,34,carro,82.83
636,83,carro,63.61
789,85,moto,40.58
423,45,moto,22.24
690,72,moto,42.21
696,53,caminhão,225.12
181,114,carro,23.2
478,104,moto,23.62
722,107,moto,43.67
693,90,caminhão,257.56
468,107,carro,62.51
863,111,moto,50.08
235,104,moto,13.56
949,85,moto,42.22
915,32,caminhão,263.91
203,106,moto,12.21
448,32,carro,38.9
94,50,carro,9.75
783,93,carro,82.19
359,110,moto,20.37
544,83,carro,55.55
901,69,carro,120.49
264,116,carro,32.19
951,109,carro,124.83
800,85,caminhão,261.73
651,86,carro,66.21
215,42,caminhão,62.16
923,39,caminhão,285.99
630,87,carro,74.43
206,51,moto,10.59
696,81,carro,74.76
888,85,moto,41.94
913,45,moto,45.32
477,91,carro,48.65
96,50,carro,10.89
502,87,carro,49.86
862,93,caminhão,313.21
442,58,caminhão,138.56
529,70,caminhão,206.67
746,70,carro,88.65
384,62,carro,42.25
401,100,moto,21.09
315,91,moto,14.66
849,65,moto,51.46
72,43,carro,7.19
110,54,caminhão,38.55
490,67,carro,64.88
677,119,caminhão,269.49
226,82,caminhão,75.3
99,51,carro,10.36
881,94,moto,44.28
851,35,moto,43.09
684,53,caminhão,238.5
886,40,caminhão,240.19
466,101,moto,23.97
610,119,caminhão,272.44
783,109,caminhão,289.03
421,109,carro,55.76
378,57,caminhão,129.9
850,117,caminhão,339.41
682,56,carro,79.78
763,64,carro,94.42
981,46,moto,51.06
597,34,moto,29.2
791,31,carro,77.22
178,118,moto,10.96
278,64,carro,34.93
377,51,carro,38.58
148,88,moto,7.35
794,93,caminhão,264.7
45,36,moto,2.36
569,54,caminhão,208.38
220,98,moto,10.65
694,94,carro,72.88
40,98,caminhão,15.55
627,102,carro,73.16
924,70,moto,61.14
602,40,moto,30.1
29,104,caminhão,10.84
382,98,carro,44.69
551,48,moto,27.78
93,90,carro,9.95
189,104,carro,24.3
938,66,moto,58.62
639,107,caminhão,252.6
785,97,moto,40.94
53,118,carro,7.35
43,90,moto,1.97
330,103,moto,18.66
605,69,carro,80.17
827,105,moto,44.2
611,49,moto,32.41
373,67,moto,24.96
650,107,caminhão,239.32
379,103,carro,50.34
363,46,caminhão,117.05
786,69,carro,109.23
85,96,carro,9.54
489,104,moto,27.8
216,117,moto,11.95
866,91,moto,44.6
497,59,caminhão,171.37
53,90,carro,5.61
943,41,carro,102.01
832,59,carro,99.79
102,66,caminhão,38.9
807,54,moto,49.45
431,46,caminhão,126.5
160,59,carro,18.79
826,104,moto,40.57
318,101,caminhão,108.01
191,48,carro,22.75
61,54,carro,6.94
266,105,carro,33.43
692,96,carro,72.87
539,40,caminhão,159.72
649,50,caminhão,188.15
919,78,caminhão,379.91
634,69,carro,82.06
289,34,carro,27.41
662,66,carro,83.79
706,114,carro,82.68
469,91,carro,49.38
396,96,moto,21.81
108,86,carro,12.43
119,56,caminhão,37.52
154,65,carro,17.48
111,37,carro,10.27
721,81,moto,33.46
759,49,caminhão,234.38
272,80,caminhão,86.2
201,98,moto,10.15
881,79,caminhão,332.56
806,116,carro,96.14
567,54,carro,62.89
672,84,carro,69.38
500,34,carro,44.74
52,51,carro,6.19
673,33,caminhão,195.4
391,91,carro,39.86
191,54,carro,23.46
373,30,caminhão,106.7
120,43,caminhão,35.62
479,104,carro,61.85
937,105,carro,106.28
909,100,carro,100.02
859,114,moto,51.78
736,78,caminhão,316.48
79,112,caminhão,31.24
915,42,caminhão,259.69
543,44,caminhão,155.9
354,49,carro,36.8
259,112,caminhão,111.41
371,103,caminhão,138.96
13,48,carro,1.35
104,83,caminhão,37.29
260,72,caminhão,101.79
764,112,carro,95.32
941,41,carro,94.12
486,112,carro,57.21
691,43,carro,71.32
640,33,caminhão,191.36
620,107,carro,79.33
525,64,moto,31.36
382,68,caminhão,143.03
954,68,caminhão,320.34
993,67,caminhão,395.92
27,119,carro,3.49
892,85,caminhão,317.94
24,49,moto,1.37
788,118,caminhão,312.99
235,36,moto,12.24
782,34,carro,70.15
998,35,moto,46.91
101,94,caminhão,37.03
289,39,moto,13.62
475,70,caminhão,169.57
142,66,caminhão,55.96
198,108,moto,11.52
673,116,caminhão,248.69
315,46,moto,17.88
318,77,carro,42.32
357,33,caminhão,94.01
43,106,caminhão,17.31
808,95,carro,86.06
945,53,moto,50.41
727,37,carro,67.17
398,119,caminhão,156.8
136,72,moto,8.06
695,35,moto,33.89
240,108,caminhão,101.75
502,45,carro,56.7
225,34,carro,21.08
314,87,carro,37.14
240,59,carro,28.16
511,103,carro,62.04
994,119,caminhão,409.39
823,101,caminhão,314.49
519,36,carro,51.2
262,66,carro,32.6
591,108,moto,32.74
835,84,moto,37.39
145,92,moto,7.41
831,57,moto,47.83
715,109,caminhão,274.74
827,80,caminhão,258.37
284,77,carro,41.47
752,101,carro,94.11
608,119,moto,38.95
457,50,moto,25.44
53,61,moto,3.33
306,72,carro,43.13
508,65,caminhão,187.78
485,105,moto,24.26
938,96,moto,48.24
165,32,carro,16.04
37,71,carro,4.59
136,30,moto,6.01
120,63,carro,15.46
900,67,caminhão,301.08
652,35,carro,61.17
868,58,caminhão,274.52
239,108,moto,13.02
421,93,moto,21.09
737,99,caminhão,266.96
816,94,carro,95.51
516,106,carro,66.26
378,99,caminhão,142.45
308,73,moto,21.05
256,93,moto,13.95
843,100,caminhão,328.49
974,46,caminhão,307.78
536,48,caminhão,184.75
293,33,caminhão,86.69
481,61,caminhão,172.66
277,76,moto,18.29
259,50,moto,13.85
213,67,caminhão,72.63
146,49,caminhão,47.4
138,119,moto,7.77
913,117,carro,126.87
348,108,carro,41.74
342,94,carro,37.51
927,107,carro,111.82
334,47,caminhão,98.16
502,52,caminhão,154.11
19,95,moto,0.96
540,76,moto,34.96
904,62,moto,53.89
805,43,carro,75.38
25,69,carro,3.44
591,51,moto,31.51
48,119,caminhão,20.01
369,118,moto,21.11
659,90,carro,77.39
129,99,carro,15.14
75,59,carro,8.29
147,87,carro,16.91
704,84,moto,32.06
411,54,carro,48.77
744,105,moto,36.78
581,118,carro,69.13
516,85,carro,52.28
599,65,carro,79.27
401,87,carro,41.71
272,38,moto,12.89
967,105,carro,112.76
775,113,carro,101.26
874,107,moto,51.64
145,37,caminhão,42.54
285,113,moto,15.21
165,41,caminhão,45.61
358,116,carro,44.03
793,84,caminhão,269.08
59,100,carro,6.6
153,60,carro,19.94
596,48,caminhão,195.59
898,45,caminhão,254.08
791,77,carro,105.09
51,112,caminhão,21.87
197,79,moto,13.93
572,117,carro,73.5
984,57,caminhão,303.58
342,107,moto,17.61
552,71,carro,78.83
527,75,carro,75.37
710,92,carro,82.17
57,109,caminhão,24.06
140,45,moto,6.7
631,98,moto,31.6
992,77,caminhão,363.54
538,112,carro,70.83
244,32,moto,10.94
928,50,moto,46.77
551,79,moto,40.6
443,83,carro,48.7
654,77,caminhão,245.44
389,110,carro,51.12
405,69,carro,49.61
993,67,caminhão,373.29
245,114,caminhão,107.87
878,31,caminhão,256.62
306,45,carro,32.83
809,39,caminhão,219.66
940,82,moto,42.41
77,87,moto,3.69
276,104,caminhão,104.32
305,86,carro,31.55
181,100,caminhão,72.92
937,77,moto,66.74
577,108,moto,33.7
792,54,carro,93.0
152,92,moto,7.41
119,66,caminhão,46.72
73,104,caminhão,25.83
307,92,moto,16.55
639,93,caminhão,224.05
583,81,caminhão,204.05
332,65,carro,37.98
56,68,moto,3.47
314,94,moto,14.64
497,102,caminhão,189.06
838,41,carro,93.6
830,94,carro,103.65
48,47,caminhão,15.77
166,92,caminhão,57.22
561,33,carro,48.47
93,111,caminhão,39.26
383,71,caminhão,144.08
730,63,caminhão,259.59
827,85,moto,36.36
432,97,caminhão,152.45
238,84,carro,23.36
787,110,caminhão,285.23
938,79,carro,131.71
499,96,carro,61.04
821,108,moto,44.25
551,104,moto,32.15
949,77,carro,141.72
617,42,caminhão,181.75
245,116,moto,14.21
147,71,caminhão,55.2
274,112,caminhão,112.26
252,55,carro,29.2
847,67,moto,50.07
797,72,moto,50.07
993,32,caminhão,245.88
623,62,moto,35.54
918,52,carro,108.16
678,44,moto,35.52
430,72,caminhão,177.19
774,91,carro,80.08
989,44,moto,54.53
84,114,caminhão,33.37
799,89,caminhão,265.7
770,93,moto,40.25
887,32,caminhão,231.4
157,106,carro,17.8
174,35,moto,9.18
523,62,carro,65.53
811,70,carro,110.35
789,76,carro,110.1
908,54,caminhão,287.63
729,52,caminhão,232.3
564,116,moto,34.57
429,40,carro,44.21
291,97,moto,13.72
698,112,moto,40.08
10,71,caminhão,3.98
38,106,carro,4.55
236,46,carro,27.63
728,50,carro,81.02
330,69,caminhão,119.95
211,62,caminhão,73.05
550,100,caminhão,218.91
43,100,caminhão,17.33
629,36,carro,57.36
155,75,carro,20.71
300,108,caminhão,119.8
864,58,caminhão,268.25
727,84,carro,70.51
52,100,carro,6.38
925,102,caminhão,373.4
986,35,caminhão,248.82
878,72,caminhão,307.48
215,98,caminhão,78.33
853,30,moto,41.02
878,89,moto,44.75
541,49,caminhão,182.72
52,97,carro,5.75
252,62,caminhão,98.21
357,103,moto,18.66
692,95,carro,85.11
715,70,caminhão,272.99
595,119,carro,84.21
412,79,caminhão,157.44
281,53,moto,15.66
504,91,caminhão,184.24
774,39,moto,35.86
819,105,caminhão,299.42
342,72,caminhão,137.62
632,105,moto,32.6
64,101,caminhão,24.51
220,69,carro,27.41
646,84,moto,32.58
204,60,caminhão,72.15
257,31,moto,11.43
943,91,carro,112.4
692,115,moto,37.54
393,104,caminhão,138.71
341,93,carro,39.21
193,46,moto,9.59
959,67,carro,129.98
897,65,moto,56.08
82,117,moto,4.48
730,59,caminhão,232.6
450,82,moto,20.96
762,43,caminhão,226.29
921,33,carro,88.92
946,86,carro,106.99
693,62,caminhão,232.3
693,74,moto,47.85
692,102,carro,81.16
915,54,caminhão,301.0
647,33,moto,28.34
165,74,caminhão,67.06
918,67,carro,126.92
506,45,carro,51.89
67,43,carro,7.2
402,102,caminhão,158.24
373,110,moto,22.23
960,66,moto,59.17
92,95,caminhão,31.55
474,116,carro,62.82
790,106,carro,97.72
363,104,caminhão,124.37
163,101,caminhão,63.93
751,67,moto,46.36
741,115,moto,42.76
380,106,carro,45.26
143,114,moto,8.64
933,118,moto,49.93
491,36,moto,22.93
469,114,moto,26.6
224,97,caminhão,85.71
642,72,caminhão,261.3
417,63,carro,52.46
988,92,carro,104.1
660,61,caminhão,254.19
20,100,carro,2.35
93,92,carro,9.53
980,69,moto,64.51
533,44,moto,26.43
150,58,moto,8.23
337,115,carro,46.02
932,45,moto,45.89
385,114,caminhão,150.42
131,115,moto,6.89
887,115,carro,113.27
287,60,caminhão,104.45
594,96,caminhão,206.26
500,81,carro,56.68
498,35,caminhão,130.95
389,56,caminhão,132.68
369,55,moto,22.99
267,38,carro,23.8
849,47,moto,43.35
342,88,caminhão,127.39
597,76,carro,73.68
926,38,caminhão,263.82
101,93,moto,5.16
695,74,moto,44.95
282,69,caminhão,104.92
933,48,moto,51.26
192,95,moto,10.02
34,99,moto,1.7
532,60,caminhão,173.01
188,37,carro,20.2
746,94,caminhão,274.63
905,47,carro,95.39
971,70,caminhão,352.95
222,49,moto,11.56
456,93,carro,56.45
962,98,moto,48.89
280,36,caminhão,82.68
403,65,moto,27.36
828,83,caminhão,253.53
919,31,caminhão,242.35
931,62,moto,54.08
542,48,caminhão,170.44
310,95,carro,36.3
779,46,carro,76.76
396,41,moto,19.09
431,39,moto,20.53
381,55,caminhão,116.78
172,106,moto,10.04
439,35,moto,19.86
654,96,carro,80.44
681,47,carro,77.81
728,69,carro,102.52
504,70,caminhão,207.74
432,100,moto,20.64
92,89,moto,4.68
336,98,caminhão,119.23
472,111,moto,25.36
764,62,caminhão,285.03
565,40,caminhão,161.78
141,33,carro,13.98
21,112,caminhão,7.81
832,88,moto,44.24
244,42,carro,27.16
136,76,moto,9.42
946,31,carro,86.03
280,43,carro,26.74
670,48,moto,38.89
929,103,carro,115.92
136,76,carro,19.19
728,84,caminhão,239.89
98,39,carro,10.16
971,55,caminhão,330.53
871,42,moto,45.19
390,68,carro,45.19
595,105,caminhão,222.01
870,52,moto,51.77
249,52,carro,28.94
109,59,caminhão,40.55
138,58,carro,14.69
424,64,carro,49.87
176,49,caminhão,54.26
236,77,caminhão,102.69
173,107,caminhão,62.17
395,54,carro,43.75
683,48,moto,37.15
166,109,moto,9.55
726,107,carro,82.44
856,58,carro,109.69
167,78,caminhão,66.61
853,89,moto,40.86
83,31,carro,7.7
266,96,moto,13.54
564,103,moto,31.88
517,104,caminhão,179.9
642,104,moto,32.46
133,119,caminhão,55.15
282,72,carro,38.92
586,61,moto,33.93
958,48,caminhão,276.5
326,100,caminhão,119.11
354,63,moto,20.63
187,47,caminhão,62.56
23,77,caminhão,8.77
78,59,caminhão,27.82
298,63,moto,19.58
287,59,moto,18.62
661,88,carro,73.4
515,52,moto,29.64
262,77,carro,38.11
517,39,moto,27.33
47,114,carro,6.27
181,117,caminhão,72.06
632,88,caminhão,219.53
190,61,carro,23.71
495,86,carro,48.79
728,55,moto,38.26
101,46,carro,10.78
104,69,carro,14.35
815,55,carro,101.99
519,73,caminhão,181.58
464,112,carro,62.39
15,67,caminhão,5.59
934,81,caminhão,303.73
477,57,moto,30.3
676,68,moto,45.64
604,117,caminhão,245.16
14,73,caminhão,5.21
822,101,carro,99.0
246,69,moto,15.13
822,30,caminhão,232.77
77,99,caminhão,28.08
624,82,moto,32.01
804,68,caminhão,271.06
37,62,moto,2.04
275,102,moto,14.06
954,54,moto,54.89
996,34,moto,52.04
52,94,carro,5.75
208,98,moto,11.59
415,56,carro,43.46
58,46,caminhão,17.47
408,81,caminhão,144.0
483,81,carro,49.12
281,82,caminhão,89.32
587,59,moto,34.92
897,101,caminhão,345.2
350,39,moto,18.06
41,75,moto,2.66
327,84,moto,17.1
799,66,caminhão,272.48
227,48,caminhão,67.01
22,65,caminhão,7.99
468,112,moto,25.31
560,107,caminhão,221.7
323,81,caminhão,98.65
189,110,caminhão,73.92
895,62,carro,100.34
584,51,caminhão,175.66
13,30,carro,1.07
320,71,carro,41.92
270,48,moto,13.3
368,63,moto,21.84
296,101,carro,33.75
128,118,moto,7.5
454,94,moto,24.49
746,106,carro,85.47
477,98,carro,51.72
144,32,moto,6.46
157,86,carro,18.0
198,35,moto,10.37
692,105,caminhão,273.39
983,86,caminhão,345.18
939,62,moto,60.66
346,86,caminhão,125.35
38,95,carro,4.66
461,78,caminhão,175.93
792,62,carro,100.42
716,49,carro,81.48
646,112,moto,37.9
628,62,moto,37.03
904,97,moto,49.63
611,55,caminhão,222.69
922,113,moto,53.06
268,69,moto,17.28
799,39,moto,39.64
369,37,caminhão,114.15
952,30,carro,90.05
362,43,caminhão,111.64
836,110,carro,101.1
811,111,caminhão,303.35
26,44,moto,1.34
627,86,moto,33.19
424,52,moto,25.88
998,33,caminhão,252.75
783,56,caminhão,290.53
514,52,carro,55.68
894,115,caminhão,337.94
972,89,moto,48.75
244,68,moto,16.42
377,37,carro,34.94
547,88,caminhão,204.39
820,53,carro,99.39
682,91,moto,31.4
474,65,carro,57.71
156,42,caminhão,42.77
692,82,caminhão,210.44
434,44,moto,23.73
566,31,moto,25.17
466,49,moto,26.31
892,103,caminhão,306.5
85,80,carro,9.06
648,112,caminhão,269.46
893,59,carro,115.75
531,59,caminhão,189.99
438,98,carro,54.63
282,52,caminhão,88.04
489,96,carro,56.7
938,94,moto,47.66
73,109,moto,3.98
87,92,caminhão,28.2
662,78,caminhão,250.06
894,58,caminhão,305.95
778,79,moto,59.02
867,80,carro,84.28
496,31,caminhão,132.94
637,47,carro,72.48
446,58,moto,25.3
170,93,caminhão,55.03
939,47,caminhão,303.68
485,83,carro,50.19
313,38,caminhão,98.73
615,104,caminhão,226.77
727,102,moto,36.14
75,63,caminhão,28.62
96,104,moto,4.74
985,59,moto,60.25
417,104,caminhão,157.73
930,80,moto,46.59
275,99,caminhão,108.09
850,47,caminhão,264.55
706,86,carro,76.96
782,91,caminhão,262.28
422,105,carro,52.22
